Kanji,Reading,Kanji,Kanji,Kanji,Kanji
あいかわらず,あいかわらず,Ide,Ideas,Ý tưởng,아이디어
アイデア,アイデア,Ide,Ideas,Ý tưởng,아이디어
アイデア,アイ,Ai,Ai,Ai,눈
アイ,アイデア,Ai,Ai,Ai,눈
アイ,アイ,Sayang,Dear,Kính thưa,디어
ディア,ディア,Ambigu,Ambiguous,Không rõ ràng,모호한
あいまい,あいまい,untuk bertemu,to meet,để gặp gỡ,만나다
遭う,あう,penggemar,fan,cái quạt,부채
扇ぐ,あおぐ,pucat,pale,tái nhợt,블루 화이트
青白い,あおじろい,Sayang,baby,Đứa bé,아칸보우
あかんぼう,あかんぼう,Terang,Bright,Sáng,밝은
明き,あき,Saya merasa ngeri.,I'm appalled.,Tôi vô cùng kinh ngạc.,포기하다
あきれる,あきれる,aksen,accent,giọng,악센트
アクセント,アクセント,menguap,yawn,ngáp,하품
あくび,あくび,Sampai akhir,To the end,Đến cuối cùng,지루할 때까지
飽くまで,あくまで,fajar,dawn,bình minh,새벽
明け方,あけがた,menggoreng,fry,chiên rán,튀기다
揚げる,あげる,mengangkat,raise,nâng lên,언급하다
挙げる,あげる,Saya mengagumi,I admire,Tôi ngưỡng mộ,동경하다
憧れる,あこがれる,jejak kaki,footprints,dấu chân,발자국
足跡,あしあと,mencicipi,taste,nếm,맛보자
味わう,あじわう,menjaga,look after,chăm sóc,맡기다
預かる,あずかる,hangat,warm,ấm,따뜻한
暖まる,あたたまる,hangat,warm,ấm,데우다
暖める,あたためる,Tentu saja,Of course,Tất nhiên rồi,당연히
あたりまえ,あたりまえ,Ahira,Ahira,Ahira,아히라
あひら,あひら,Di sana sini,Here and there,Ở đây đó,여기 여기
あちらこちら,あちらこちら,kurang ajar,impudent,hỗn xược,두꺼운
厚かましい,あつかましい,kompresi,compression,nén,압축
圧縮,あっしゅく,alamat,address,Địa chỉ,주소
宛名,あてな,Berlaku,Applies,Áp dụng,맞다
あてはまる,あてはまる,untuk melamar,to apply,để ứng tuyển,맞추다
あてはめる,あてはめる,Berbuat liar,Going wild,Điên cuồng,날뛰다
暴れる,あばれる,gemuk,fat,mập,지방
脂,あぶら,memanggang,roast,thịt nướng,아부루
あぶる,あぶる,meluap,overflowing,tràn ngập,넘치다
あふれる,あふれる,Penutup jendela,Shutters,Cửa chớp,우도
雨戸,あまど,terlalu memanjakan,pamper,nuông chiều,달콤한
甘やかす,あまやかす,sisa,leftover,còn lại,남다
余る,あまる,rajutan,knitting,đan len,편물
編物,あみもの,rajutan,knitting,đan len,뜨개질
編む,あむ,Berbahaya,Dangerous,Nguy hiểm,위험한
危うい,あやうい,mencurigakan,suspicious,khả nghi,수상한
怪しい,あやしい,kasar,rough,thô,거친
荒い,あらい,kasar,rough,thô,거친
粗い,あらい,Ringkasan,Synopsis,Tóm tắt,줄거리
あらすじ,あらすじ,untuk bertarung,to fight,để chiến đấu,싸우다
争う,あらそう,lagi,again,lại,다시
改めて,あらためて,mengubah,change,thay đổi,수정하다
改める,あらためる,Pengarang,Author,Tác giả,눈에 띄다
著す,あらわす,Terima kasih,Thank you,Cảm ơn,고맙다
有難い,ありがたい,ada,exist,hiện hữu,존재하다
在る,ある,berbagai hal,various things,nhiều thứ khác nhau,이거
あれこれ,あれこれ,Sibuk sekali,Hectic,Hối hả,어리석은
あわただしい,あわただしい,panik,panic,hoảng loạn,맞다
あわてる,あわてる,Mudah,Easy,Dễ,안이
安易,あんい,mendadak,unexpectedly,bất ngờ,의외
案外,あんがい,antena,antenna,ăng-ten,안테나
アンテナ,アンテナ,mencairkan suasana,break the ice,phá vỡ sự im lặng,말하기
言い出す,いいだす,memberi tahu,tell,kể,말하다
言い付ける,いいつける,makna,significance,ý nghĩa,의미
意義,いぎ,hidup,lively,sống động,생생한
生き生き,いきいき,Tiba-tiba,Suddenly,Đột nhiên,갑자기
いきなり,いきなり,Pengasuhan anak,Childcare,Chăm sóc trẻ em,육아
育児,いくじ,agak,somewhat,phần nào,다소
幾分,いくぶん,rangkaian bunga,flower arrangement,cắm hoa,꽃꽂이
生け花,いけばな,Sejak saat itu,From then on,Từ đó trở đi,이후
以後,いご,selanjutnya,onwards,tiếp tục,이후
以降,いこう,setara,equal,bình đẳng,이콜
イコール,イコール,berani,brave,can đảm,용감한
勇ましい,いさましい,"Pakaian, makanan, dan tempat tinggal","Clothing, food, and shelter","quần áo, thực phẩm và chỗ ở",의식주
衣食住,いしょくじゅう,berarti,mean,nghĩa là,악의
意地悪,いじわる,Setiap orang,Each and every,Mỗi và mọi,일이치
いちいち,いちいち,Untuk saat ini,For now,Hiện tại,일단
一応,いちおう,Bahkan lebih,Even more,Thậm chí còn hơn thế nữa,한층 더
一段と,いちだんと,kedudukan tertinggi,top notch,hàng đầu,일류
一流,いちりゅう,佚,佚,佚,부
佚,いつ,dua hari yang lalu,the day before yesterday,hôm kia,어제
一昨日,いっさくじつ,Dua tahun yang lalu,The year before last,Năm trước nữa,재작년
一昨年,いっさくねん,serentak,simultaneous,đồng thời,일제
一斉,いっせい,Sekali,Once,Một lần,일단
一旦,いったん,konstan,constant,không thay đổi,일정
一定,いってい,Semoga perjalananmu menyenangkan!,Have a good trip!,Chúc bạn có một chuyến đi tốt đẹp!,가자.
いっていらっし,いっていらっし,Yai,Yai,Yai,짱
ゃい,ゃい,Semoga harimu menyenangkan!,Have a good day!,Chúc bạn một ngày tốt lành!,가자.
いってらっしゃ,いってらっしゃ,perut,stomach,cái bụng,이
い,い,Aku pergi dulu!,I'm off!,Tôi đi đây!,말하자.
いってまいりま,いってまいりま,cuka,vinegar,giấm,수
す,す,Sebelum aku menyadarinya,Before I knew it,Trước khi tôi kịp nhận ra điều đó,언젠가
いつのまにか,いつのまにか,transfer,transfer,chuyển khoản,이전
移転,いてん,Sehat,well,Tốt,우물
井戸,いど,lintang,latitude,vĩ độ,위도
緯度,いど,sepupu,cousin,anh em họ,종자매
従姉妹,いとこ,menjadi sombong,to be arrogant,kiêu ngạo,위장하다
威張る,いばる,Enggan,Reluctant,Miễn cưỡng,싫어하는
嫌がる,いやがる,Akhirnya,Finally,Cuối cùng,드디어
いよいよ,いよいよ,memanggang,roast,thịt nướng,볶다
煎る,いる,memanggang,roast,thịt nướng,볶다
炒る,いる,wadah,container,thùng chứa,입상
入れ物,いれもの,Tinta,Ink,Mực,잉크
インキ,インキ,Wawancara,Interview,Phỏng vấn,인터뷰
インタビュー,インタビュー,gaya berat,gravity,trọng lực,인력
引力,いんりょく,Wanita,Woman,Đàn bà,우먼
ウーマン,ウーマン,wol,wool,len,울
ウール,ウール,pelayan,waitress,nữ phục vụ,웨이트리스
ウエートレス,ウエートレス,Pohon,Trees,Cây,식물
植木,うえき,merasa lapar,to be hungry,đói,굶주림
飢える,うえる,terjadi,occur,xảy ra,떠다니는
浮ぶ,うかぶ,mengambang,float,trôi nổi,떠다니는
浮かべる,うかべる,mengambang,float,trôi nổi,뜨다
浮く,うく,Saya menerima permintaan Anda.,I accept your request.,Tôi chấp nhận yêu cầu của bạn.,받다
承る,うけたまわる,Kuitansi,Receipt,Biên lai,수령
受取,うけとり,Bertanggung jawab,Responsible,Chịu trách nhiệm,받다
受け持つ,うけもつ,redup,dim,mờ,희미한
薄暗い,うすぐらい,mencairkan,dilute,pha loãng,엷게 하다
薄める,うすめる,Pertemuan,Meeting,Cuộc họp,회의
打合せ,うちあわせ,meniadakan,negate,phủ định,극복하다
打ち消す,うちけす,menyerang,attack,tấn công,토벌하다
討つ,うつ,tanpa sengaja,inadvertently,vô tình,실망
うっかり,うっかり,proyek,project,dự án,비추다
映す,うつす,Foto,Photo,Ảnh,찍다
写る,うつる,mencerminkan,reflected,phản ánh,비치다
映る,うつる,Udon,Udon,Udon,우동
うどん,うどん,ada atau tidak ada,presence or absence,sự hiện diện hoặc vắng mặt,유무
有無,うむ,mengisi,fill in,điền vào,채우다
埋める,うめる,memuja,worship,tôn thờ,존경하다
敬う,うやまう,Balikkan bagian dalamnya ke luar,Turn it inside out,Lật ngược nó lại.,뒤집다
裏返す,うらがえす,pintu belakang,back door,cửa sau,뒷문
裏口,うらぐち,Meramal nasib,To tell fortunes,Để bói toán,점유하다
占う,うらなう,Sakit hati,Grudge,Thù hận,원한
恨み,うらみ,membenci,resent,bất bình,원망하다
恨む,うらむ,patut dic羡慕,enviable,đáng ghen tị,부러워
羨ましい,うらやましい,iri,envy,ghen tỵ,부러움
羨む,うらやむ,Penjualan,Sales,Việc bán hàng,판매
売上,うりあげ,terjual habis,sold out,bán hết,매진
売り切れ,うりきれ,Terjual habis,Sold out,Bán hết,매진
売り切れる,うりきれる,penjualan,sales,việc bán hàng ,판매
売行き,うれゆき,berkeliaran,wandering around,đi lang thang xung quanh,우로
うろうろ,うろうろ,kanal,canal,kênh đào,운하
運河,うんが,Hmm,Hmm,Ừm,그래
うんと,うんと,Bahasa inggris,English,Tiếng Anh,영문
英文,えいぶん,Bahasa Inggris-Jepang,English-Japanese,Tiếng Anh-Tiếng Nhật,영화
英和,えいわ,Kamu tahu,you know,Bạn biết,음
ええと,ええと,cairan,liquid,chất lỏng,액체
液体,えきたい,etiket,etiquette,nghi thức,에티켓
エチケット,エチケット,cat,paints,sơn,페인트
絵の具,えのぐ,celemek,apron,tạp dề,앞치마
エプロン,エプロン,Besar,great,Tuyệt,좋은
偉い,えらい,perjamuan,banquet,tiệc,연회
宴会,えんかい,berkebun,gardening,làm vườn,원예
園芸,えんげい,teater,theater,nhà hát,연극
演劇,えんげき,lingkar,circumference,đường tròn,원주
円周,えんしゅう,karyawisata,field trip,chuyến đi thực địa,소풍
遠足,えんそく,perpanjangan,extension,sự mở rộng,연장
延長,えんちょう,cerobong asap,chimney,ống khói,굴뚝
煙突,えんとつ,Mengejar,Chase,Đuổi,쫓는
追い掛ける,おいかける,menyusul,overtake,vượt qua,추월하다
追い越す,おいこす,minyak,oil,dầu,기름
オイル,オイル,mendukung,support,ủng hộ,응원
応援,おうえん,putri,princess,công chúa,공주
王女,おうじょ,Menanggapi,Respond,Trả lời,응하다
応ずる,おうずる,Penerimaan,Reception,Thu nhận,응접
応接,おうせつ,Pelayanan pelanggan,Customer service,Dịch vụ khách hàng,응대
応対,おうたい,perjalanan pulang pergi,round trip,chuyến đi khứ hồi,왕복
往復,おうふく,Eropa dan Amerika,Europe and America,Châu Âu và Mỹ,서양
欧米,おうべい,aplikasi,application,ứng dụng,응용
応用,おうよう,orkestra,orchestra,dàn nhạc,오케스트라
オーケストラ,オーケストラ,Kasar,Rough,Thô,오자빠
おおざっぱ,おおざっぱ,Jalan utama,Main street,Đường chính,대로
大通り,おおどおり,Otomatisasi,Automation,Tự động hóa,자동화
オートメーショ,オートメーショ,Hmm,hmm,hừm,N
ン,ン,Mantel,Overcoat,Áo khoác ngoài,오버코트
オーバーコート,オーバーコート,sekitar,approximately,khoảng,대범
大凡,おおよそ,Selamat Datang kembali,Welcome back,Chào mừng trở lại!,귀가
お帰り,おかえり,Silakan menelepon.,Please make a call.,Vui lòng gọi điện.,보내주세요.
おかけください,おかけください,Terima kasih kepadamu,Thanks to you,Cảm ơn bạn,덕분에
おかげさまで,おかげさまで,Lauk pauk,Side dishes,Món ăn kèm,반찬
おかず,おかず,memuja,worship,tôn thờ,숭배하다
拝む,おがむ,Isi ulang,Refill,Nạp lại,대체
お代わり,おかわり,mengimbangi,compensate,đền bù,보충하다
補う,おぎなう,Aku turut berduka cita untukmu.,I'm so sorry for you.,Tôi rất tiếc cho bạn.,오키노쿠쿠
おきのどくに,おきのどくに,Luar ruangan,Outdoor,Ngoài trời,옥외
屋外,おくがい,istri,wife,vợ,오쿠산
おくさん,おくさん,Okurigana,Okurigana,Okurigana,보내는 가명
送り仮名,おくりがな,Hati-hati,Take care,Bảo trọng,오키니
おげんきで,おげんきで,menjadi malas,to be lazy,lười biếng,게으른
怠る,おこたる,menekan,suppress,kìm nén,누르다
押える,おさえる,Teruskan,Go ahead,Cứ tiếp tục đi,오사키
おさきに,おさきに,untuk membayar,to pay,để trả tiền,납부하다
納める,おさめる,untuk memerintah,to govern,để cai trị,치료하다
治める,おさめる,Sungguh disayangkan,What a shame,Thật đáng tiếc,아쉬운
惜しい,おしい,Membungkuk,Bowing,Cúi chào,미사의
御辞儀,おじぎ,paman,uncle,chú ,백부씨
伯父さん,おじさん,Paman,Uncle,Chú,아버지
小父さん,おじさん,Paman,Uncle,Chú,삼촌
叔父さん,おじさん,Bergaya,Stylish,Phong cách,세련된
おしゃれ,おしゃれ,Maaf mengganggu.,Excuse me for intruding.,Xin lỗi vì đã xen vào.,죄송합니다.
おじゃまします,おじゃまします,diajarkan,be taught,được dạy,가르치다
教わる,おそわる,Hati-hati di jalan.,Take care.,Bảo trọng.,오다이지에
おだいじに,おだいじに,Tenang,Calm down,Bình tĩnh nào,침착하다
落着く,おちつく,Mitarai,Mitarai,Mitarai,화장실
御手洗,おてあらい,Keluar rumah,Going out,Đi ra ngoài,외출
お出掛け,おでかけ,Membantu,Help,Giúp đỡ,도움
お手伝いさ,おてつだいさん,untuk menakut-nakuti,to scare,để dọa,어리석은
おどかす,おどかす,Barang hilang dan ditemukan,Lost and found,Đồ thất lạc,낙하물
落し物,おとしもの,Dua hari yang lalu,The day before yesterday,Hôm kia,오토이
おととい,おととい,Dua tahun yang lalu,The year before last,Năm trước nữa,오토시
おととし,おととし,Lembut,Gentle,Dịu dàng,친절한
おとなしい,おとなしい,kejutan,surprise,sự ngạc nhiên,놀라다
驚かす,おどろかす,Silakan.,Please.,Vui lòng.,감사합니다.
おねがいします,おねがいします,setiap,each,mỗi,각각
各々,おのおの,tante,aunt,dì,백모씨
伯母さん,おばさん,tante,aunt,dì,이모
叔母さん,おばさん,Selamat pagi,good morning,Chào buổi sáng,좋은 아침
おはよう,おはよう,Mengunjungi kuil,Visiting a shrine,Viếng thăm đền thờ,참배
お参り,おまいり,Maaf telah membuat Anda menunggu.,Sorry to keep you waiting.,Xin lỗi vì đã để bạn chờ.,미안해.
おまたせしまし,おまたせしまし,Ta,Ta,Ta,다
た,た,Harap tunggu.,Please wait.,Vui lòng chờ.,오세요.
おまちください,おまちください,Terima kasih atas kesabarannya.,Thank you for waiting.,Cảm ơn bạn đã chờ đợi.,오마치도 오사마
おまちどおさま,おまちどおさま,Selamat!,Congratulations!,Chúc mừng!,축하해
おめでたい,おめでたい,Tidak terduga,Unexpected,Không ngờ tới,생각나지 않는
思い掛けな,おもいがけない,untuk berasumsi,to assume,giả định,생각하다
思い込む,おもいこむ,Sepenuhnya,To the fullest,Hoàn toàn,마음껏
思いっ切り,おもいっきり,Terlintas dalam pikiran,Come to mind,Hiện lên trong tâm trí,떠오르다
思い付く,おもいつく,berat,heavy,nặng,무거운
重たい,おもたい,Selamat malam,good night,Chúc ngủ ngon,잘자요
おやすみ,おやすみ,camilan,snack,đồ ăn vặt,간식
おやつ,おやつ,ibu jari,thumb,ngón tay cái,엄지손가락
親指,おやゆび,organ,organ,cơ quan,오르간
オルガン,オルガン,grosir,wholesale,bán buôn,도매하다
卸す,おろす,keuntungan,benefit,lợi ích,혜택
恩恵,おんけい,rumah kaca,greenhouse,nhà kính,온실
温室,おんしつ,mata air panas,hot spring,suối nước nóng,온천
温泉,おんせん,Sedang,Temperate,Ôn đới,온대
温帯,おんたい,Kepada pihak yang berkepentingan,To whom it may concern,Kính gửi những người có liên quan,미나카
御中,おんちゅう,wanita,woman,đàn bà,여인
女の人,おんなのひと,nyamuk,mosquito,muỗi,모기
蚊,か,melengkung,curve,đường cong,커브
カーブ,カーブ,kerang,shellfish,động vật có vỏ,조개
貝,かい,Pembukaan,Opening,Khai mạc,개회
開会,かいかい,Aula,Hall,Sảnh,회관
会館,かいかん,Gerbang tiket,Ticket gate,Cổng soát vé,개찰
改札,かいさつ,pembubaran,dissolution,sự giải thể,해산
解散,かいさん,Berenang di laut,Swimming in the sea,Bơi lội trong biển,해수욕
海水浴,かいすいよく,Jumlah kali,Number of times,Số lần,횟수
回数,かいすう,Buku tiket,Ticket book,Sổ vé,회수권
回数券,かいすうけん,Amandemen,Amendment,Sửa đổi,개정
改正,かいせい,Langit cerah,Clear skies,Bầu trời trong xanh,쾌청
快晴,かいせい,Penjelasan,Explanation,Giải thích,해설
解説,かいせつ,modifikasi,modification,sửa đổi,개조
改造,かいぞう,Pembukaan,Opening,Khai mạc,개통
開通,かいつう,memutar,rotate,quay,회전
回転,かいてん,menjawab,answer,trả lời,답
解答,かいとう,menjawab,answer,trả lời,답변
回答,かいとう,luar,external,bên ngoài,외부
外部,がいぶ,melepaskan,release,giải phóng,해방
解放,かいほう,membuka,open,mở,개방
開放,かいほう,laut,ocean,đại dương,해양
海洋,かいよう,Ringkasan,Overview,Tổng quan,개론
概論,がいろん,Kirim kembali,Send back,Gửi lại,돌아가다
帰す,かえす,lebih tepatnya,rather,hơn là,거절
却って,かえって,Mengganti,Replace,Thay thế,대체하다
代える,かえる,membengkokkan,to bend,uốn cong,휘다
反る,かえる,rumah,house,căn nhà,주택
家屋,かおく,untuk terlibat,to be involved,tham gia,관련
係わる,かかわる,Pos tercatat,Registered mail,Thư bảo đảm,등기
書留,かきとめ,kaligrafer,calligrapher,người viết thư pháp,쓰기
書取,かきとり,pagar,hedge,hàng rào,울타리
垣根,かきね,menggores,scratch,cào,긁는
掻く,かく,bau,smell,mùi,냄새
嗅ぐ,かぐ,khayali,fictional,hư cấu,가상
架空,かくう,Setiap orang,Each person,Mỗi người,각자
各自,かくじ,Ekspansi,Expansion,Mở rộng,확충
拡充,かくじゅう,akademik,academic,học thuật,학술
学術,がくじゅつ,berbagai tempat,various places,nhiều nơi,각지
各地,かくち,ekspansi,expansion,sự mở rộng,확장
拡張,かくちょう,sudut,angle,góc,각도
角度,かくど,Nilai,Grade,Cấp,학년
学年,がくねん,Fakultas,Faculty,Giảng viên,학부
学部,がくぶ,Luar biasa,Exceptional,Xuất sắc,각별
格別,かくべつ,kemungkinan,probability,xác suất,확률
確率,かくりつ,Kemampuan akademis,Academic ability,Khả năng học tập,학력
学力,がくりょく,perkalian,multiplication,phép nhân,곱셈
掛け算,かけざん,Disetujui,Approved,Tán thành,통과
可決,かけつ,kawah,crater,miệng núi lửa,화구
火口,かこう,turun,descent,xuống,하강
下降,かこう,tumpang tindih,overlapping,chồng chéo,중첩
重なる,かさなる,tumpang tindih,overlap,sự chồng chéo,겹치다
重ねる,かさねる,dekorasi,decoration,trang trí,장식
飾り,かざり,gunung berapi,volcano,núi lửa,화산
火山,かざん,Dipahami.,Understood.,Đã hiểu.,카시 코 마리 마시
かしこまりまし,かしこまりまし,Ta,Ta,Ta,다
た,た,pinjaman,lending,cho vay,대출
貸し出し,かしだし,Kelalaian,Negligence,Sự bất cẩn,과실
過失,かしつ,buah,fruit,hoa quả,열매
果実,かじつ,Kamar untuk disewa,Room for rent,Cho thuê phòng,임대
貸間,かしま,Rumah sewa,Rental house,Nhà cho thuê,대여
貸家,かしや,lokasi,location,vị trí,개소
個所,かしょ,kelebihan,excess,thặng dư,과잉
過剰,かじょう,menggerogoti,gnaw,gặm nhấm,괴롭히다
かじる,かじる,perpajakan,taxation,thuế,과세
課税,かぜい,menggarisbawahi,underline,gạch chân,밑줄
下線,かせん,kaset,cassette,băng cassette,카세트
カセット,カセット,percepatan,acceleration,gia tốc,가속
加速,かそく,percepatan,acceleration,gia tốc,가속도
加速度,かそくど,keras,hard,cứng,단단한
固い,かたい,keras,hard,cứng,단단한
堅い,かたい,Katakana,Katakana,Katakana,가타카나
片仮名,かたかな,Merapikan,Tidy up,Dọn dẹp,정리하다
片付く,かたづく,massa,mass,khối,덩어리
塊,かたまり,mengeras,solidify,đông đặc,굳다
固まる,かたまる,SATU ARAH,One way,Một chiều,편도
片道,かたみち,memiringkan,tilt,nghiêng,기울다
傾く,かたむく,condong,leaning,nghiêng,한쪽
片寄る,かたよる,Departemen,Department,Phòng,학과
学科,がっか,konferensi akademik,academic conference,hội nghị học thuật,학회
学会,がっかい,alat musik,musical instrument,nhạc cụ,악기
楽器,がっき,kelas,class,lớp học,학급
学級,がっきゅう,membawa,carry,mang,담다
担ぐ,かつぐ,tanda kurung,parentheses,dấu ngoặc đơn,괄호
括弧,かっこ,Jenis Huruf,Typeface,Kiểu chữ,활자
活字,かつじ,Aktif,Active,Tích cực,활약
活躍,かつやく,daya hidup,vitality,sức sống,활력
活力,かつりょく,Anggapan,Assumption,Giả định,가정
仮定,かてい,proses,process,quá trình,과정
過程,かてい,kursus,course,khóa học,과정
課程,かてい,kana,kana,kana,가나
仮名,かな,Ejaan Kana,Kana spelling,Cách viết Kana,가나 송
仮名遣い,かなづかい,bel,bell,chuông,종
鐘,かね,pemanas,heating,sưởi ấm,난방
加熱,かねつ,tidak mampu,be unable,không thể,겸하는
兼ねる,かねる,menutupi,cover,che phủ,커버
カバー,カバー,mayoritas,majority,số đông,과반수
過半数,かはんすう,Menutupi,Cover,Che phủ,씌우다
被せる,かぶせる,Ketel,Kettle,Ấm đun nước,솥
釜,かま,kertas bekas,scrap paper,giấy vụn,종이 쓰레기
紙屑,かみくず,Tuhan,God,Chúa,하나님
神様,かみさま,pisau cukur,razor,dao cạo,면도
剃刀,かみそり,gusi,gum,kẹo cao su,껌
ガム,ガム,muatan,cargo,hàng hóa,화물
貨物,かもつ,gatal,itch,ngứa,가려움
かゆい,かゆい,Lagu-lagu populer,Popular songs,Những bài hát nổi tiếng,가요
歌謡,かよう,kerang,shell,vỏ bọc,껍질
殻,から,warna,color,màu sắc,칼라
カラー,カラー,menggoda,tease,trêu chọc,괴롭히다
からかう,からかう,kosong,empty,trống,빈
空っぽ,からっぽ,Karuta,Karuta,Karuta,카루타
かるた,かるた,melayu,wither,héo úa,시들다
枯れる,かれる,kalori,calorie,calo,칼로리
カロリー,カロリー,Untuk menghargai,To cherish,Để trân trọng,귀엽다
かわいがる,かわいがる,kering,dry,khô,말리다
乾かす,かわかす,Haus,Thirsty,Khát,갈증
渇く,かわく,wesel,money order,lệnh chuyển tiền,환율
為替,かわせ,ubin,tile,gạch,기와
瓦,かわら,mengganti,replace,thay thế,대신하다
代る,かわる,selang,interval,khoảng thời gian,간격
間隔,かんかく,ventilasi,ventilation,thông gió,환기
換気,かんき,Terkesan,Impressed,Ấn tượng,감격
感激,かんげき,Kansai,Kansai,Kansai,간사이
関西,かんさい,Melihat,Viewing,Xem,감상
鑑賞,かんしょう,merasa,feel,cảm thấy,느끼다
感ずる,かんずる,tidak langsung,indirect,gián tiếp,간접
間接,かんせつ,kering,dry,khô,건조
乾燥,かんそう,pikiran,thoughts,suy nghĩ,감상
感想,かんそう,pengamatan,observation,quan sát,관측
観測,かんそく,wilayah kutub,polar regions,vùng cực,한대
寒帯,かんたい,Kantor pemerintahan,Government offices,Văn phòng chính phủ,관청
官庁,かんちょう,salah paham,misunderstanding,hiểu lầm,착각
勘違い,かんちがい,pengalengan,canning,đóng hộp,통조림
缶詰,かんづめ,baterai sel kering,dry cell batteries,pin khô,건전지
乾電池,かんでんち,Kanto,Kanto,Kanto,관동
関東,かんとう,Konsep,Concept,Ý tưởng,관념
観念,かんねん,bersulang,cheers,Chúc mừng!,건배
乾杯,かんぱい,papan nama,signboard,bảng hiệu,간판
看板,かんばん,perawatan,nursing,điều dưỡng,간병
看病,かんびょう,mahkota,crown,vương miện,왕관
冠,かんむり,Kanwa,Kanwa,Kanwa,한화
漢和,かんわ,tekanan atmosfer,atmospheric pressure,áp suất khí quyển,기압
気圧,きあつ,instrumen,instrument,dụng cụ,계기
器械,きかい,Pakaian ganti,Change of clothes,Thay quần áo,갈아입기
着替え,きがえ,lokomotif,locomotive,đầu máy xe lửa,기관차
機関車,きかんしゃ,kelaparan,famine,nạn đói,기근
飢饉,ききん,Peralatan,Equipment,Thiết bị,기구
器具,きぐ,tenggat waktu,deadline,thời hạn,마감
期限,きげん,simbol,symbol,biểu tượng,기호
記号,きごう,mengukir,carve,chạm khắc,새기다
刻む,きざむ,upacara,ritual,nghi thức,의식
儀式,ぎしき,standar,standard,tiêu chuẩn,기준
基準,きじゅん,Standar,Standards,Tiêu chuẩn,표준
規準,きじゅん,bangun,wake up,thức dậy,기상
起床,きしょう,Gaun,Dress,Đầm,입는다
着せる,きせる,dasar-dasar,basics,những điều cơ bản,기초
基礎,きそ,gas,gas,khí,기체
気体,きたい,basis,base,căn cứ,기지
基地,きち,peluang,chance,cơ hội,계기
きっかけ,きっかけ,Dikemas rapat,Packed tightly,Đóng gói chặt chẽ,힘들다
ぎっしり,ぎっしり,dasar,basis,cơ sở,기초
基盤,きばん,tempat duduk penonton,audience seats,chỗ ngồi khán giả,객석
客席,きゃくせき,Kamar tamu,Guest room,Phòng khách,고객 간
客間,きゃくま,gang,gang,băng đảng,갱
ギャング,ギャング,kampus,campus,khuôn viên đại học,캠퍼스
キャンパス,キャンパス,Tertutup,Closed,Đóng cửa,휴업
休業,きゅうぎょう,Kelas dibatalkan,Class cancelled,Lớp học bị hủy,휴강
休講,きゅうこう,istirahat,rest,nghỉ ngơi,휴식
休息,きゅうそく,gaji,salary,lương,급여
給与,きゅうよ,istirahat,rest,nghỉ ngơi,휴식
休養,きゅうよう,murni,pure,nguyên chất,깨끗한
清い,きよい,bantuan,reinforcement,gia cố,강화
強化,きょうか,batas,boundary,ranh giới,경계
境界,きょうかい,Acara,Events,Sự kiện,행사
行事,ぎょうじ,saya minta maaf,I am sorry,Tôi xin lỗi,공감
恐縮,きょうしゅく,pendidikan,education,giáo dục,교양
教養,きょうよう,matriks,matrix,ma trận,행렬
行列,ぎょうれつ,penangkapan ikan,fishing,câu cá,어업
漁業,ぎょぎょう,melengkung,curve,đường cong,커브
曲線,きょくせん,disiplin,discipline,kỷ luật,규율
規律,きりつ,membunuh,kill,giết,베다
斬る,きる,Hati-hati,Be careful,Hãy cẩn thận,조심하다
気を付ける,きをつける,ikan mas,goldfish,cá vàng,금붕어
金魚,きんぎょ,daerah,area,khu vực,지역
区域,くいき,angka genap,even number,số chẵn,짝수
偶数,ぐうすう,Fantasi,Fantasy,Giả tưởng,공상
空想,くうそう,udara,air,không khí,공중
空中,くうちゅう,pendingin,cooler,mát hơn,쿨러
クーラー,クーラー,paku,nail,móng tay,못
釘,くぎ,membubuhkan tanda baca,punctuate,chấm câu,구분
区切る,くぎる,sisir,comb,cái lược,빗
櫛,くし,bersin,sneeze,hắt hơi,재채기
くしゃみ,くしゃみ,Keluhan,Complaint,Lời phàn nàn,불만
苦情,くじょう,upaya yang melelahkan,painstaking effort,nỗ lực tỉ mỉ,고심
苦心,くしん,limbah,waste,rác thải,쓰레기
屑,くず,Perincian,Break down,Phân tích,무너뜨리다
崩す,くずす,jari manis,ring finger,ngón đeo nhẫn,약지
薬指,くすりゆび,Runtuh,Collapse,Sụp đổ,무너지는
崩れる,くずれる,menghancurkan,crush,người mình thích,부서지다
砕く,くだく,pecah,shatter,vỡ vụn,부서지다
砕ける,くだける,Menjadi lelah,To get tired,Mệt mỏi,짜다
くたびれる,くたびれる,Bodoh,Stupid,Ngốc nghếch,어리석은
くだらない,くだらない,Turun,Go down,Đi xuống,내리다
下る,くだる,bibir,lips,môi,입술
唇,くちびる,lipstik,lipstick,cây son,립스틱
口紅,くちべに,tongkat,stick,dán,달라붙다
くっつく,くっつく,Menempel,Attach,Gắn,붙이다
くっつける,くっつける,berulang,repetitive,lặp lại,어리석은
くどい,くどい,Tanda baca,Punctuation,Dấu chấm câu,구두점
句読点,くとうてん,mendistribusikan,distribute,phân phát,배포하다
配る,くばる,kecerdikan,ingenuity,ngây thơ,고안
工夫,くふう,klasifikasi,classification,phân loại,구분
区分,くぶん,kombinasi,combination,sự kết hợp,조합
組合せ,くみあわせ,berkumpul,assemble,lắp ráp,조립
組み立てる,くみたてる,menggambar,draw,vẽ tranh,먹다
汲む,くむ,menuangkan,pour,đổ,먹다
酌む,くむ,disesalkan,regrettable,đáng tiếc,억울한
悔しい,くやしい,Menyesali,Regret,Hối tiếc,회개하다
悔やむ,くやむ,pembersihan,cleaning,dọn dẹp,청소
クリーニング,クリーニング,Membungkus,Wrap,Bọc,쿠루무
くるむ,くるむ,Harap berhati-hati,Please be careful,Hãy cẩn thận!,어쨌든
くれぐれも,くれぐれも,untuk dipegang di mulut,to hold in the mouth,để giữ trong miệng,물다
咥える,くわえる,daerah,county,quận,카운티
郡,ぐん,praktik,practice,luyện tập,연습
稽古,けいこ,Bahasa sopan,Polite language,Ngôn ngữ lịch sự,존경
敬語,けいご,lampu neon,fluorescent light,đèn huỳnh quang,형광등
蛍光灯,けいこうとう,format,format,định dạng,형식
形式,けいしき,kelanjutan,continuation,tiếp tục,계속
継続,けいぞく,benang,yarn,sợi,털실
毛糸,けいと,garis bujur,longitude,kinh độ,경도
経度,けいど,sistem,system,hệ thống,계통
系統,けいとう,Hiburan,Entertainment,Sự giải trí,연예
芸能,げいのう,Pacuan kuda,Horse racing,Đua ngựa,경마
競馬,けいば,keamanan,security,bảo vệ,경비
警備,けいび,kata sifat,adjective,tính từ,형용사
形容詞,けいようし,kata sifat kata kerja,adjective verb,tính từ động từ,형용동사
形容動詞,けいようどうし,operasi,surgery,ca phẫu thuật,수술
外科,げか,bulu,fur,lông thú,모피
毛皮,けがわ,Peningkatan dramatis,Dramatic increase,Tăng đột biến,격증
激増,げきぞう,Turun,Get off,Rời đi,하차
下車,げしゃ,akhir bulan,late month,cuối tháng,하순
下旬,げじゅん,kotoran,sewage,nước thải,하수
下水,げすい,Mencukur,Shave,Cạo râu,깎다
削る,けずる,angka,digit,chữ số,자릿수
桁,けた,geta,geta,geta,나막신
下駄,げた,tekanan darah,blood pressure,huyết áp,혈압
血圧,けつあつ,darah,blood,máu,혈액
血液,けつえき,Gaji bulanan,Monthly salary,Lương tháng,월급
月給,げっきゅう,mahakarya,masterpiece,kiệt tác,걸작
傑作,けっさく,akhir bulan,end of month,cuối tháng,월말
月末,げつまつ,kehadiran,presence,sự hiện diện,기색
気配,けはい,vulgar,vulgar,thô tục,하품
下品,げひん,berasap,smoky,khói,연기
煙い,けむい,menendang,kick,đá,걷어차다
蹴る,ける,curam,steep,dốc,어려운
険しい,けわしい,mengunjungi,visit,thăm nom,견학
見学,けんがく,Kerendahhatian,Humility,Khiêm nhường,겸손
謙虚,けんきょ,naskah,manuscript,bản thảo,원고
原稿,げんこう,Asal,Origin,Nguồn gốc,원산
原産,げんさん,primitif,primitive,nguyên thủy,원시
原始,げんし,pelatihan,training,đào tạo,교육
研修,けんしゅう,Ketat,Strict,Nghiêm ngặt,엄중
厳重,げんじゅう,kerendahhatian,humility,sự khiêm nhường,겸손
謙遜,けんそん,Pemerintah Prefektur,Prefectural Government,Chính quyền tỉnh,현청
県庁,けんちょう,membatasi,limit,giới hạn,한도
限度,げんど,nyatanya,In fact,Trong thực tế,실제로
現に,げんに,mikroskop,microscope,kính hiển vi,현미경
顕微鏡,けんびきょう,prinsip,principle,nguyên tắc,원리
原理,げんり,bahan mentah,raw material,nguyên liệu thô,원료
原料,げんりょう,Pergi,Go,Đi,바둑
碁,ご,Aku merindukanmu,I miss you,Tôi nhớ bạn,그리운
恋しい,こいしい,mengemis,beg,ăn xin,청하다
請う,こう,pekerja pabrik,factory worker,công nhân nhà máy,공원
工員,こういん,kuat,forceful,mạnh mẽ,억지로
強引,ごういん,polusi,pollution,sự ô nhiễm,공해
公害,こうがい,kemewahan,luxury,sang trọng,럭셔리
高級,こうきゅう,publik,public,công cộng,공공
公共,こうきょう,Kerajinan Tangan,Crafts,Thủ công mỹ nghệ,공예
工芸,こうげい,bakti kepada orang tua,Filial piety,Lòng hiếu thảo,孝行
孝行,こうこう,Persimpangan,Crossing,Đi qua,교차
交差,こうさ,Pengajar,Instructor,Giảng viên,강사
講師,こうし,konstruksi,construction,sự thi công,공사
工事,こうじ,resmi,official,chính thức,공식
公式,こうしき,mengizinkan,excuse,thứ lỗi,구실
口実,こうじつ,dengan demikian,thus,như vậy,이렇게
こうして,こうして,gedung sekolah,school building,tòa nhà trường học,학교 건물
校舎,こうしゃ,publik,public,công cộng,공중
公衆,こうしゅう,parfum,perfume,nước hoa,향수
香水,こうすい,keadilan,fairness,sự công bằng,공정하다
公正,こうせい,Prestasi,Achievements,Thành tựu,업적
功績,こうせき,sinar cahaya,rays of light,tia sáng,광선
光線,こうせん,gedung tinggi,high rise,tòa nhà cao tầng,고층
高層,こうそう,struktur,structure,kết cấu,구조
構造,こうぞう,alternasi,alternation,sự luân phiên,교체
交替,こうたい,lahan pertanian,cultivated land,đất canh tác,경작지
耕地,こうち,Angkutan,Transportation,Vận tải,교통
交通機関,こうつうきかん,halaman sekolah,school grounds,sân trường,교정
校庭,こうてい,positif,positive,tích cực,긍정
肯定,こうてい,ketinggian,altitude,độ cao,고도
高度,こうど,sekolah menengah atas,high school,trường trung học,고등
高等,こうとう,persendian,joint,chung,합동
合同,ごうどう,junior seseorang,one's junior,người nhỏ tuổi hơn,후배
後輩,こうはい,Pengumuman publik,Public announcement,Thông báo công khai,공표
公表,こうひょう,mineral,mineral,khoáng chất,미네랄
鉱物,こうぶつ,urusan publik,public affairs,các vấn đề công cộng,공무
公務,こうむ,barang,item,mục ,품목
項目,こうもく,daun musim gugur,autumn leaves,lá mùa thu,단풍
紅葉,こうよう,rasionalitas,rationality,tính hợp lý,합리적인
合理,ごうり,menukarkan,exchange,trao đổi,교류
交流,こうりゅう,menggabungkan,merge,hợp nhất,합류
合流,ごうりゅう,kemanjuran,efficacy,hiệu quả,효력
効力,こうりょく,melampaui,exceed,quá,초과
超える,こえる,kursus,course,khóa học,코스
コース,コース,paduan suara,chorus,điệp khúc,코러스
コーラス,コーラス,membakar,burn,cháy,태우다
焦がす,こがす,raja,king,nhà vua,국왕
国王,こくおう,kebangsaan,nationality,quốc tịch,국적
国籍,こくせき,Nasional,National,Quốc gia,국립
国立,こくりつ,Terima kasih atas kerja keras Anda.,Thank you for your hard work.,Cảm ơn bạn vì sự nỗ lực hết mình.,고쿠로사마
ごくろうさま,ごくろうさま,membakar,burn,cháy,탄다
焦げる,こげる,Pembekuan,Freezing,Đóng băng,얼음
凍える,こごえる,Apakah Anda punya ide?,Do you have any idea?,Bạn có biết không?,마음
心当たり,こころあたり,Memahami,Understand,Hiểu,마음을 얻다
心得る,こころえる,kursi,seat,ghế,발판
腰掛け,こしかけ,duduk,sit,ngồi,발판
腰掛ける,こしかける,Sistem penulisan suku kata Jepang,Japanese syllabary,Bảng chữ cái tiếng Nhật,오십음
五十音,ごじゅうおん,merica,pepper,hạt tiêu,후추
胡椒,こしょう,untuk membuat,to make,để làm,문질러
こしらえる,こしらえる,melampaui,surpass,vượt qua,슈퍼
超す,こす,menggosok,rub,xoa bóp,문지르다
擦る,こする,Apakah Anda menyadari hal ini?,Are you aware of this?,Bạn có biết điều này không?,미안해?
ごぞんじですか,ごぞんじですか,individu,individual,cá nhân,개인
個体,こたい,pesta,feast,bữa tiệc,치료
御馳走,ごちそう,Terima kasih atas hidangannya.,Thank you for the meal.,Cảm ơn vì bữa ăn.,잔치
ごちそうさま,ごちそうさま,Terima kasih kembali,you're welcome,không có gì,여기야말로
こちらこそ,こちらこそ,Uang saku,Pocket money,Tiền tiêu vặt,용돈
小遣い,こづかい,kokang,cock,dương vật,수탉
コック,コック,secara rahasia,secretly,bí mật,몰래
こっそり,こっそり,klasik,classic,cổ điển,고전
古典,こてん,Koto,Koto,koto,코토
琴,こと,Tinggalkan pesan,Leave a message,Hãy để lại lời nhắn,말하다
言付ける,ことづける,susunan kata,wording,cách diễn đạt,말투
言葉遣い,ことばづかい,Beberapa hari yang lalu,The other day,Hôm nọ,오지마
こないだ,こないだ,Sudah lama sekali.,It's been a while.,Đã lâu rồi.,어무사태
御無沙汰,ごぶさた,tumpahan,spill,tràn,흘리다
こぼす,こぼす,tumpahan,spill,tràn,쏟아지는
こぼれる,こぼれる,Debu dan puing-puing,Dust and debris,Bụi và mảnh vụn,먼지
塵芥,ごみ,karet,rubber,cao su,고무
ゴム,ゴム,Permisi,Excuse me,Xin lỗi,어면
御免,ごめん,Permisi,Excuse me,Xin lỗi,미안해.
ごめんください,ごめんください,jari kelingking,little finger,ngón tay út,새끼 손가락
小指,こゆび,Menderita,Endure,Chịu đựng,참다
こらえる,こらえる,Hiburan,Entertainment,Sự giải trí,엔터테인먼트
娯楽,ごらく,Silakan lihat,Please take a look,Hãy xem qua nhé.,보기
御覧,ごらん,koleksi,collection,bộ sưu tập,컬렉션
コレクション,コレクション,gulungan,roll,cuộn,굴리다
転がす,ころがす,gulungan,roll,cuộn,구르다
転がる,ころがる,biru laut,navy blue,màu xanh hải quân,감색
紺,こん,kompetisi,competition,cuộc thi,콩쿨
コンクール,コンクール,konkret,concrete,bê tông,콘크리트
コンクリート,コンクリート,campuran,mixture,hỗn hợp,혼합
混合,こんごう,Stopkontak listrik,Electrical outlet,Ổ cắm điện,콘센트
コンセント,コンセント,menu,menu,thực đơn,식단
献立,こんだて,Selamat malam,Good evening,Buổi tối vui vẻ,안녕하세요
こんばんは,こんばんは,lingkaran,circle,vòng tròn,서클
サークル,サークル,Saat ini terdaftar,Currently enrolled,Hiện đang theo học,재학
在学,ざいがく,berulang-kali,repeatedly,lặp đi lặp lại,재삼
再三,さいさん,hari libur umum,public holidays,ngày lễ công cộng,휴일
祭日,さいじつ,pengingat,reminder,lời nhắc nhở,촉구
催促,さいそく,Penilaian,Grading,Chấm điểm,채점
採点,さいてん,bencana,disaster,thảm họa,재난
災難,さいなん,jahit,sewing,may vá,재봉
裁縫,さいほう,kayu,timber,gỗ,목재
材木,ざいもく,sirene,siren,còi báo động,사이렌
サイレン,サイレン,Terbalik,Upside down,Lộn ngược,거꾸로
逆さ,さかさ,Terbalik,Upside down,Lộn ngược,거꾸로
逆様,さかさま,mencari,search,tìm kiếm,찾다
捜す,さがす,kembali,go back,quay lại,거슬러 올라가다
遡る,さかのぼる,batang,bar,thanh,술집
酒場,さかば,Dua hari yang lalu,The day before yesterday,Hôm kia,사키 토토
さきおととい,さきおととい,lebih awal,earlier,trước đó,아까
先程,さきほど,merobek,tear,xé,찢다
裂く,さく,indeks,index,chỉ mục,색인
索引,さくいん,pengarang,author,tác giả,작성자
作者,さくしゃ,menghapus,delete,xóa bỏ,삭제
削除,さくじょ,membuat,create,tạo nên,만들기
作成,さくせい,Produksi,Production,Sản xuất,제작
作製,さくせい,mengeksplorasi,explore,khám phá,탐구하다
探る,さぐる,berbisik,whisper,thì thầm,속삭이는
囁く,ささやく,tajam,piercing,xỏ khuyên,찌르다
刺さる,ささる,sendok,spoon,thìa,장인
匙,さじ,kamar tatami,tatami room,phòng tatami,다다미
座敷,ざしき,Ketidaknyamanan,Inconvenience,Sự bất tiện,지지
差し支え,さしつかえ,pengurangan,subtraction,phép trừ,공제
差し引き,さしひき,sashimi,sashimi,sashimi,사시미
刺身,さしみ,menusuk,stab,đâm,찌르다
刺す,さす,Menyisipkan,Insert,Chèn,꽂다
挿す,さす,Penuangan,Pouring,Rót,참고
注す,さす,Menembak,Shoot,Bắn,쏘다
射す,さす,Sesuai harapan,As expected,Đúng như dự đoán,유석
流石,さすが,foto,photograph,ảnh chụp,촬영
撮影,さつえい,kebisingan,noise,tiếng ồn,잡음
雑音,ざつおん,dengan cepat,quickly,nhanh,빨리
さっさと,さっさと,segera,right away,ngay lập tức,조속히
早速,さっそく,karat,rust,rỉ sét,녹
錆,さび,karat,rust,rỉ sét,녹슬다
錆びる,さびる,Bantal Jepang,Japanese cushion,Đệm Nhật Bản,방석
座布団,ざぶとん,Dingin,cool,mát mẻ,차가운
冷ます,さます,menghalangi,hinder,cản trở,방해하다
妨げる,さまたげる,untuk mendinginkan,to cool down,để hạ nhiệt,식히다
冷める,さめる,Selamat tinggal,Goodbye,Tạm biệt,안녕
さようなら,さようなら,bulan setelah bulan berikutnya,month after next,tháng sau nữa,재래달
再来月,さらいげつ,Minggu setelah minggu depan,The week after next,Tuần sau nữa,다시 다음 주
再来週,さらいしゅう,Tahun berikutnya,The year after next,Năm sau nữa,다시 내년
再来年,さらいねん,Gaji,Salaryman,người làm công ăn lương,샐러리맨
サラリーマン,サラリーマン,bising,noisy,ồn ào,시끄러운
騒がしい,さわがしい,menyegarkan,refreshing,sảng khoái,상쾌한
さわやか,さわやか,segi tiga,triangle,tam giác,삼각
三角,さんかく,hitung,arithmetic,số học,산수
算数,さんすう,asam,acidic,axit,산성
酸性,さんせい,Tempat asal,Place of origin,Nơi xuất xứ,산지
産地,さんち,mencicipi,sample,vật mẫu,샘플
サンプル,サンプル,hutan pegunungan,mountain forest,rừng núi,산림
山林,さんりん,Selesai,Finished,Hoàn thành,마무리
仕上がる,しあがる,Lusa,The day after tomorrow,Ngày kia,시사
しあさって,しあさって,musim,season,mùa,시즌
シーズン,シーズン,Lembaran,Sheets,Tờ,시트
シーツ,シーツ,kuil,temple,ngôi đền,사원
寺院,じいん,Shiinto,Shiinto,Shiinto,그렇게
しいんと,（する）,Pembelaan diri,Self-defense,Tự vệ,자위
自衛,じえい,asin,salty,mặn,짠
塩辛い,しおからい,tuan rumah,host,chủ nhà,사회
司会,しかい,persegi,square,quảng trường,사각형
四角,しかく,persegi,square,quảng trường,사각형
四角い,しかくい,Jadwal,Timetable,Thời khóa biểu,시간할당
時間割,じかんわり,empat musim,four seasons,bốn mùa,사계절
四季,しき,lokasi,site,địa điểm,부지
敷地,しきち,mendesak,urgent,cấp bách,시급한
至急,しきゅう,Berbaring,Lay,Đặt nằm,깔다
敷く,しく,subur,lush,tươi tốt,덤불
茂る,しげる,Membawa,Bring,Mang đến,지참
持参,じさん,magnet,magnet,nam châm,자석
磁石,じしゃく,Pembulatan,Rounding off,Làm tròn,반올림
四捨五入,ししゃごにゅう,awal dan akhir,beginning and end,bắt đầu và kết thúc,시종
始終,しじゅう,Belajar mandiri,Self-study,Tự học,자습
自習,じしゅう,Suasana menjadi hening.,It becomes quiet,Nó trở nên yên tĩnh,진정
静まる,しずまる,sikap,posture,tư thế,자세
姿勢,しせい,ilmu alam,natural science,khoa học tự nhiên,자연과학
自然科学,しぜんかがく,per jam,per hour,mỗi giờ,시속
時速,じそく,keturunan,descendants,hậu duệ,후손
子孫,しそん,mayat,cadaver,xác chết,시체
死体,したい,draf,draft,bản nháp,초안
下書き,したがき,Pusat kota,Downtown,Trung tâm thành phố,시모마치
下町,したまち,otonomi,autonomy,quyền tự chủ,자치
自治,じち,Aku benar-benar merasa,I really felt,Tôi thực sự cảm thấy,실감
実感,じっかん,kelembapan,moisture,độ ẩm,수분
湿気,しっけ,kelembapan,moisture,độ ẩm,수분
湿気,しっき,gigih,persistent,dai dẳng,끈끈한
しつこい,しつこい,Magang,Internship,Kỳ thực tập,실습
実習,じっしゅう,Prestasi,Achievements,Thành tựu,업적
実績,じっせき,kelembaban,humidity,độ ẩm,습도
湿度,しつど,menulis,writing,viết,쓰기
執筆,しっぴつ,Barang sebenarnya,Actual item,Sản phẩm thực tế,실물
実物,じつぶつ,ekor,tail,đuôi,꼬리
しっぽ,しっぽ,praktis,practical,thực tế,실용
実用,じつよう,kemampuan nyata,real ability,khả năng thực sự,실력
実力,じつりょく,Contoh,Examples,Ví dụ,실례
実例,じつれい,patah hati,broken heart,trái tim tan vỡ,실연
失恋,しつれん,penamaan,designation,sự chỉ định,명세
指定,してい,Kereta Api Swasta,Private Railway,Đường sắt tư nhân,사철
私鉄,してつ,Anak-anak,Children,Những đứa trẻ,아동
児童,じどう,Mengikat,Bind,Liên kết,묶다
縛る,しばる,tanah,ground,đất,지반
地盤,じばん,Mati rasa,Numbness,Tê bì,마비하다
しびれる,しびれる,tagihan,bill,hóa đơn,지폐
紙幣,しへい,menurunkan,deflate,giảm áp,시보무
しぼむ,しぼむ,meremas,squeeze,vắt kiệt,짜다
絞る,しぼる,Garis-garis,Stripes,Sọc,줄무늬
縞,しま,Polos,Plain,Đơn giản,수수한
地味,じみ,Sangat terharu,Deeply moved,Vô cùng xúc động,시미지미
しみじみ,しみじみ,nama lengkap,full name,tên đầy đủ,성명
氏名,しめい,tenggat waktu,deadline,thời hạn,마감
締切,しめきり,Tenggat waktu,Deadline,Thời hạn,마감하다
締め切る,しめきる,lembap,damp,ẩm ướt,습기
湿る,しめる,wartawan,journalist,nhà báo,기자
ジャーナリスト,ジャーナリスト,ilmu sosial,social science,khoa học xã hội,사회과학
社会科学,しゃかいかがく,berjongkok,squat,ngồi xổm,쪼그리다
しゃがむ,しゃがむ,keran,faucet,vòi nước,수도꼭지
蛇口,じゃぐち,Kelemahan,Weakness,Điểm yếu,약점
弱点,じゃくてん,garasi,garage,ga-ra ,차고
車庫,しゃこ,konduktor,conductor,người dẫn đầu,차장
車掌,しゃしょう,sketsa,sketch,phác thảo,사생
写生,しゃせい,tajuk rencana,editorial,bài xã luận,사설
社説,しゃせつ,cegukan,hiccup,nấc cụt,딸꾹질
しゃっくり,しゃっくり,rana,shutter,màn trập,셔터
シャッター,シャッター,mengisap,suck,hút,빠는
しゃぶる,しゃぶる,roda,wheel,bánh xe,바퀴
車輪,しゃりん,Bergaya,Stylish,Phong cách,세련된
洒落,しゃれ,Batu-kertas-gunting,Rock-paper-scissors,Oẳn tù tì,쟈켄
じゃんけん,じゃんけん,Pertemuan,Meeting,Cuộc họp,모임
集会,しゅうかい,Tempat tinggal,Residence,Nơi cư trú,주거
住居,じゅうきょ,Koleksi,Collection,Bộ sưu tập,집금
集金,しゅうきん,mengatur,set,bộ,집합
集合,しゅうごう,Kaligrafi,Calligraphy,Thư pháp,글씨
習字,しゅうじ,memperbaiki,repair,Sửa chữa,수선
修繕,しゅうぜん,Cedera kritis,Critically injured,Bị thương nặng,중체
重体,じゅうたい,karpet,carpet,thảm,주탄
じゅうたん,（カーペット）,pemberhentian terakhir,the last stop,điểm dừng chân cuối cùng,종점
終点,しゅうてん,tekanan,emphasis,nhấn mạnh,중점
重点,じゅうてん,Inaugurasi,Inauguration,Lễ khánh thành,취임
就任,しゅうにん,lingkungan,neighborhood,hàng xóm,주변
周辺,しゅうへん,Eksekutif,Executive,Điều hành,중역
重役,じゅうやく,akhir,end,kết thúc,종료
終了,しゅうりょう,berat,weight,cân nặng,무게
重量,じゅうりょう,gaya berat,gravity,trọng lực,중력
重力,じゅうりょく,Idiom,Idioms,Thành ngữ,숙어
熟語,じゅくご,hari libur,holiday,ngày lễ,공휴일
祝日,しゅくじつ,pengurangan,reduction,sự giảm bớt,축소
縮小,しゅくしょう,Ujian Masuk,Entrance Exam,Kỳ thi tuyển sinh,수험
受験,じゅけん,subjek,subject,chủ thể,주어
主語,しゅご,kehadiran di tempat kerja,attendance at work,đi làm,출근
出勤,しゅっきん,predikat,predicate,vị ngữ,술어
述語,じゅつご,perjalanan bisnis,business trip,chuyến công tác,출장
出張,しゅっちょう,jangka hidup,lifespan,tuổi thọ,수명
寿命,じゅみょう,Tokoh utama,Main character,Nhân vật chính,주역
主役,しゅやく,Ponsel,Handset,Điện thoại,수화기
受話器,じゅわき,sirkulasi,circulation,tuần hoàn,순환
循環,じゅんかん,petugas polisi,police officer,cảnh sát,순찰
巡査,じゅんさ,"Untuk itu,",In order,Theo thứ tự,순차적으로
順々,じゅんじゅん,memesan,order,đặt hàng,순서
順序,じゅんじょ,Cinta murni,Pure love,Tình yêu thuần khiết,순정
純情,じゅんじょう,murni,pure,nguyên chất,순수
純粋,じゅんすい,pencernaan,digestion,tiêu hóa,소화
消化,しょうか,Siswa sekolah dasar,Elementary school student,Học sinh tiểu học,초등학생
小学生,しょうがくせい,Aku tidak bisa menahannya,I can't help it,Tôi không thể làm khác được,어리석은
しょうがない,しょうがない,Shogi,Shogi,Cờ Shogi,장기
将棋,しょうぎ,menguap,vapor,hơi nước,증기
蒸気,じょうき,penggaris,ruler,cái thước kẻ,눈금자
定規,じょうぎ,canggih,advanced,trình độ cao,고급
上級,じょうきゅう,perdagangan,commerce,thương mại,상업
商業,しょうぎょう,pasif,passive,thụ động,소극적인
消極的,しょうきょくて,pohon,tree,cây,키
き,き,Uang hadiah,Prize money,Tiền thưởng,상금
賞金,しょうきん,atas dan bawah,top and bottom,trên và dưới,상하
上下,じょうげ,Shoji (layar kertas),Shoji (paper screen),Shoji (bình phong giấy),장자
障子,しょうじ,perusahaan perdagangan,trading company,công ty thương mại,무역 회사
商社,しょうしゃ,Asrama,Boarding,Lên tàu,승차
乗車,じょうしゃ,Awal bulan,Early part of the month,Đầu tháng,상순
上旬,じょうじゅん,untuk menjadi ada,to come into being,để xuất hiện,생성하다
生ずる,しょうずる,Angka desimal,Decimal number,Số thập phân,소수
小数,しょうすう,toko,store,cửa hàng,상점
商店,しょうてん,fokus,focus,tập trung,초점
焦点,しょうてん,disinfeksi,disinfection,khử trùng,소독
消毒,しょうどく,Kemenangan dan kekalahan,Wins and losses,Thắng và thua,승패
勝敗,しょうはい,penguapan,evaporation,bay hơi,증발
蒸発,じょうはつ,hadiah,prize,phần thưởng,상품
賞品,しょうひん,kompetisi,competition,cuộc thi,승부
勝負,しょうぶ,kencing,piss,nước tiểu,소변
小便,しょうべん,departemen pemadam kebakaran,fire department,sở cứu hỏa,소방서
消防署,しょうぼうしょ,bersih,net,mạng lưới,순
正味,しょうみ,depan,front,đằng trước,정면
正面,しょうめん,keausan,wear and tear,hao mòn,소모
消耗,しょうもう,kecap,soy sauce,nước tương,간장
醤油,しょうゆ,kelalaian,omission,bỏ sót,생략
省略,しょうりゃく,Pemula,Beginner,Người mới bắt đầu,초급
初級,しょきゅう,asisten profesor,assistant professor,trợ lý giáo sư,조교수
助教授,じょきょうじゅ,garam,salt,muối,식염
食塩,しょくえん,tukang,craftsman,thợ thủ công,장인
職人,しょくにん,Lebih awal,Early,Sớm,초순
初旬,しょじゅん,buku,books,sách,책
書籍,しょせき,peralatan makan,tableware,bộ đồ ăn,식기
食器,しょっき,toko,shop,cửa hàng,상점
ショップ,ショップ,toko buku,bookstore,hiệu sách,서점
書店,しょてん,kaligrafi,calligraphy,thư pháp,서예
書道,しょどう,rambut beruban,gray hair,tóc bạc,흰머리
白髪,しらが,kenalan,acquaintance,người quen,지인
知合い,しりあい,seri,series,loạt,시리즈
シリーズ,シリーズ,pribadi,private,riêng tư,사립
私立,しりつ,Bahan-bahan,Materials,Nguyên vật liệu,자료
資料,しりょう,jus,juice,nước ép,주스
汁,しる,amatir,amateur,nghiệp dư,아마추어
素人,しろうと,inti,core,cốt lõi,심
芯,しん,kereta cepat,bullet train,tàu cao tốc,신칸센
新幹線,しんかんせん,kekosongan,vacuum,chân không,진공
真空,しんくう,meyakini,believe,tin tưởng,믿다
信ずる,しんずる,Pikiran dan tubuh,Mind and body,Tâm trí và cơ thể,심신
心身,しんしん,Aplikasi,Application,Ứng dụng,신청
申請,しんせい,Palsu,Artificial,Nhân tạo,인조
人造,じんぞう,tempat tidur,bed,giường,수면
寝台,しんだい,diagnosa,diagnosis,chẩn đoán,진단
診断,しんだん,Intrusi,Intrusion,Xâm nhập,침입
侵入,しんにゅう,sastra,humanities,nhân văn,인문과학
人文科学,じんぶんかがく,kehidupan manusia,human life,cuộc sống con người,인명
人命,じんめい,Larut malam,Late night,Đêm muộn,자정
深夜,しんや,hutan,forest,rừng,숲
森林,しんりん,kerabat,relatives,họ hàng,친척
親類,しんるい,kursus,course,khóa học,침로
針路,しんろ,mitologi,mythology,thần thoại,신화
神話,しんわ,cuka,vinegar,giấm,식초
酢,す,Perikanan,Fisheries,Ngành thủy sản,수산
水産,すいさん,memasak,cooking,nấu ăn,취사
炊事,すいじ,uap air,water vapor,hơi nước,수증기
水蒸気,すいじょうき,hidrogen,hydrogen,hydro,수소
水素,すいそ,vertikal,vertical,thẳng đứng,수직
垂直,すいちょく,Memperkirakan,Estimate,Ước lượng,추정
推定,すいてい,tetesan air,water drop,giọt nước,물방울
水滴,すいてき,botol air,water bottle,chai nước,물통
水筒,すいとう,karangan,essay,tiểu luận,수필
随筆,ずいひつ,kelembapan,moisture,độ ẩm,수분
水分,すいぶん,horisontal,horizontal,nằm ngang,수평
水平,すいへい,garis horizontal,horizontal line,đường ngang,수평선
水平線,すいへいせん,Rabu,Wednesday,Thứ Tư,수요일
水曜,すいよう,kurang ajar,impudent,hỗn xược,어리석은
ずうずうしい,ずうずうしい,Selamanya,Forever,Mãi mãi,쭉
ずうっと,ずうっと,anak bungsu,youngest child,đứa con út,막내
末っ子,すえっこ,syal,scarf,khăn quàng cổ,스카프
スカーフ,スカーフ,Buku bergambar,Illustrated book,Sách minh họa,도감
図鑑,ずかん,Kayu cedar,Cedar,Tuyết tùng,삼나무
杉,すぎ,Suka dan tidak suka,Likes and dislikes,Sở thích và không thích,싫어
好き嫌い,すききらい,masalah selera,matter of taste,vấn đề về sở thích,좋아하는
好き好き,すきずき,transparan,transparent,trong suốt,투명하다
透き通る,すきとおる,celah,gap,khoảng cách,틈새
隙間,すきま,sekolah,school,trường học,학교
スクール,スクール,Setidaknya,At least,Ít nhất,어쨌든
すくなくとも,すくなくとも,Bentuk,Shapes,Hình dạng,도형
図形,ずけい,jadwal,schedule,lịch trình,일정
スケジュール,スケジュール,bel,bell,chuông,종
鈴,すず,Mendinginkan,Cooling down,Làm mát,시원하다
涼む,すずむ,awal,start,bắt đầu,시작
スタート,スタート,pramugari,stewardess,tiếp viên hàng không,스튜어디스
スチュワーデス,スチュワーデス,Bersih dan menyegarkan,Clean and refreshing,Sạch sẽ và sảng khoái,깔끔한
すっきり,すっきり,kecut,sour,chua,깔끔한
すっぱい,すっぱい,panggung,stage,sân khấu,무대
ステージ,ステージ,Membuang,Discard,Loại bỏ,버리다
棄てる,すてる,stoking,stockings,tất,스타킹
ストッキング,ストッキング,berhenti,stop,dừng lại,정지
ストップ,ストップ,Patuh,Obedient,Nghe lời,솔직
素直,すなお,otak,brain,não,두뇌
頭脳,ずのう,pembicara,speaker,diễn giả,스피커
スピーカー,スピーカー,Bagan dan grafik,Charts and graphs,Biểu đồ và đồ thị,도표
図表,ずひょう,cerdas,smart,thông minh,스마트
スマート,スマート,Perumahan,Housing,Nhà ở,거주
住まい,すまい,saya minta maaf,I'm sorry,Tôi xin lỗi,미안하다
すまない,すまない,tinta,ink,mực,먹다
墨,すみ,jernih,clear,thông thoáng,맑다
澄む,すむ,Untuk dibersihkan,To be cleansed,Để được thanh tẩy,깨끗하다
清む,すむ,Sumo,Sumo,Sumo,스모
相撲,すもう,menggeser,slide,cầu trượt,슬라이드
スライド,スライド,menggeser,shift,sự thay đổi,어긋나다
ずらす,ずらす,Barisan,A row,Một hàng,즐거움
ずらり,ずらり,pencopet,pickpocket,móc túi,掏摸
掏摸,すり,mencetak,print,in,인쇄하다
刷る,する,licik,cunning,xảo quyệt,교활한
狡い,ずるい,saling berpapasan,passing each other,đi ngang qua nhau,어려움
すれちがう,すれちがう,Geser,Sliding,Trượt,미끄러짐
滑れる,ずれる,ukuran,size,kích cỡ,치수
寸法,すんぽう,Nama belakang,Last name,Họ,성
姓,せい,Bea cukai,Customs,Hải quan,세관
税関,ぜいかん,produksi,production,sản xuất,제작
製作,せいさく,produksi,production,sản xuất,제작
制作,せいさく,alam,nature,thiên nhiên,성격
性質,せいしつ,Salinan akhir,Final copy,Bản cuối cùng,청서
清書,せいしょ,anak muda,youth,thiếu niên,청소년
青少年,せいしょうねん,bilangan bulat,integer,số nguyên,정수
整数,せいすう,pembersihan,cleaning,dọn dẹp,청소
清掃,せいそう,kelangsungan hidup,survival,sống sót,생존
生存,せいぞん,pertumbuhan,growth,sự phát triển,성장
生長,せいちょう,partai politik,political party,đảng chính trị,정당
政党,せいとう,tanggal lahir,date of birth,ngày sinh,생년월일
生年月日,せいねんがっぴ,pertunjukan,performance,hiệu suất,성능
性能,せいのう,Pemeliharaan,Maintenance,BẢO TRÌ,정비
整備,せいび,komponen,component,thành phần,성분
成分,せいぶん,seks,sex,tình dục,성별
性別,せいべつ,persegi,square,quảng trường,정사각형
正方形,せいほうけい,gerbang utama,main gate,cổng chính,정문
正門,せいもん,Didirikan,Established,Thành lập,성립
成立,せいりつ,Kalender Barat,Western calendar,Lịch phương Tây,기원
西暦,せいれき,Bawalah di punggungmu,Carry on your back,Mang trên lưng,짊어지는
背負う,せおう,khatulistiwa,equator,xích đạo,적도
赤道,せきどう,Sejak,Since,Từ,접는 각
折角,せっかく,mendekati,approach,tiếp cận,접근
接近,せっきん,sabun,soap,xà phòng,비누
石鹸,せっけん,Kontak,Contact,Liên hệ,접하다
接する,せっする,dengan tekun,diligently,siêng năng,어리석은
せっせと,せっせと,koneksi,connection,sự liên quan,연결
接続,せつぞく,balapecah,crockery,đồ gốm sứ,세토물
瀬戸物,せともの,Tentu saja,By all means,Nhất định phải,꼭
ぜひとも,ぜひとも,mendekati,approaching,đang đến gần,다가오는
迫る,せまる,Seminar,Seminar,Hội thảo,세미나
ゼミ,ゼミ,setidaknya,at least,ít nhất,적어도
せめて,せめて,menyerang,attack,tấn công,공격하다
攻める,せめる,semen,cement,xi măng,시멘트
セメント,セメント,steker,plug,phích cắm,마개
栓,せん,Depan dan belakang,Front and back,Mặt trước và mặt sau,전후
前後,ぜんご,deterjen,detergent,chất tẩy rửa,세제
洗剤,せんざい,karya lengkap,complete works,tác phẩm hoàn chỉnh,전집
全集,ぜんしゅう,seluruh tubuh,whole body,toàn thân,전신
全身,ぜんしん,penggemar,fan,cái quạt,부채
扇子,せんす,Despotisme,Despotism,Chế độ chuyên chế,전제
専制,せんせい,Bulan sebelum bulan lalu,The month before last,Tháng trước nữa,지난 달
先々月,せんせんげつ,Dua minggu lalu,Two weeks ago,Hai tuần trước,지난 주
先々週,せんせんしゅう,leluhur,ancestor,tổ tiên,조상
先祖,せんぞ,tip,tip,mẹo,팁
先端,せんたん,sentimeter,centimeter,centimet,센치메터
センチ,センチ,Iklan,Advertisement,Quảng cáo,홍보
宣伝,せんでん,kepala,head,cái đầu,선두
先頭,せんとう,Umum,General,Tổng quan,일반
全般,ぜんぱん,kipas angin listrik,electric fan,quạt điện,선풍기
扇風機,せんぷうき,garis,line,đường kẻ,철도
線路,せんろ,perbedaan,difference,sự khác biệt,차이
相違,そうい,Ngomong-ngomong soal itu...,Speaking of which...,Nhân tiện nhắc đến chuyện đó...,말하자면
そういえば,そういえば,kain lap debu,dust cloth,khăn lau bụi,걸레
雑巾,ぞうきん,Peningkatan/Penurunan,Increase/Decrease,Tăng/Giảm,증감
増減,ぞうげん,gudang,warehouse,kho,창고
倉庫,そうこ,saling,mutual,qua lại,상호
相互,そうご,penciptaan,creation,sự sáng tạo,창작
創作,そうさく,pemakaman,funeral,tang lễ,장례식
葬式,そうしき,Jadi,And so,Và như vậy,그렇게
そうして,そうして,pembuatan kapal,shipbuilding,đóng tàu,조선
造船,ぞうせん,bising,noisy,ồn ào,시끄러운
騒々しい,そうぞうしい,Meningkatkan,Increase,Tăng,증가
増大,ぞうだい,Dengan lembut,Gently,Nhẹ nhàng,그렇게
そうっと,そうっと,selamat tinggal,farewell,tạm biệt,송별
送別,そうべつ,Zori (sandal Jepang),Zori (Japanese sandals),Zori (dép Nhật Bản),초신
草履,ぞうり,Perdana Menteri,Prime Minister,Thủ tướng,총리 장관
総理大臣,そうりだいじん,ongkos kirim,postage,bưu phí,우송료
送料,そうりょう,untuk menjadi bagian,to belong,thuộc về,속하다
属する,ぞくする,berturut-turut,successively,lần lượt,계속
続々,ぞくぞく,cepat,express,thể hiện,신속
速達,そくたつ,pengukuran,measurement,đo lường,측정
測定,そくてい,survei,surveying,khảo sát,측량
測量,そくりょう,kecepatan,speed,tốc độ,빠른 힘
速力,そくりょく,kualitas,qualities,phẩm chất,질
素質,そしつ,leluhur,ancestor,tổ tiên,조상
祖先,そせん,kikuk,clumsy,hậu đậu,그럴듯한
そそっかしい,そそっかしい,Keterusterangan,Straightforwardness,Sự thẳng thắn,졸업
卒直,そっちょく,Untuk melengkapi,To equip,Để trang bị,고정
具える,そなえる,Lebih-lebih lagi,Moreover,Hơn thế nữa,게다가
そのうえ,そのうえ,Sekitar waktu itu,Around that time,Khoảng thời gian đó,그 무렵
そのころ,そのころ,Karena itu,Therefore,Vì thế,그 때문에
そのため,そのため,Lainnya,Other,Khác,그 외
そのほか,そのほか,Soba,Buckwheat,Kiều mạch,소바
蕎麦,そば,mencukur,shave,cạo râu,면도하다
剃る,そる,Namun demikian,And yet,Thế nhưng,그런데
それなのに,それなのに,menyimpang,deviate,lệch khỏi,벗어나다
逸れる,それる,Bersama,All together,Tất cả cùng nhau,정렬
揃う,そろう,Mengatur,Arrange,Sắp xếp,정렬
揃える,そろえる,sempoa,abacus,bàn tính,산반
算盤,そろばん,tahu,know,biết,알다
存じる,ぞんじる,Aku tahu,I know,Tôi biết,살아남다
存ずる,ぞんずる,Laba rugi,Profit and loss,Lợi nhuận và thua lỗ,손익
損得,そんとく,sawah,rice paddy,ruộng lúa,논
田ぼ,たんぼ,Pertama,First,Đầu tiên,좋다
だいいち,（副）,Keluar dari rumah sakit,Discharge from hospital,Xuất viện,퇴원
退院,たいいん,sekolah pascasarjana,graduate school,trường cao học,대학원
大学院,だいがくいん,tukang kayu,carpenter,thợ mộc,목수
大工,だいく,sistem,system,hệ thống,체계
体系,たいけい,drum,drum,cái trống,북
太鼓,たいこ,tindakan balasan,countermeasure,biện pháp đối phó,대책
対策,たいさく,banyak,much,nhiều,매우
大して,たいして,kontras,contrast,sự tương phản,대조
対照,たいしょう,besar dan kecil,big and small,lớn và nhỏ,크고 작은
大小,だいしょう,sistem,system,hệ thống,체제
体制,たいせい,volume,volume,âm lượng,부피
体積,たいせき,lapisan besar,large layer,lớp lớn,대층
大層,たいそう,Olahraga senam,Gymnastics,Thể dục dụng cụ,체조
体操,たいそう,Oita,Oita,Oita,오이타
大分,だいぶん,Oki,Oki,Được rồi,큰 나무
大木,たいぼく,Judul,Title,Tiêu đề,제목
題名,だいめい,kata ganti,pronoun,đại từ,대명사
代名詞,だいめいし,ban,tire,lốp xe,타이어
タイア,タイア,diagram,diagram,sơ đồ,다이어그램
ダイヤグラム,ダイヤグラム,berlian,diamond,kim cương,다이아몬드
ダイヤモンド,ダイヤモンド,Hubungi,Dial,Quay số,다이얼
ダイヤル,ダイヤル,konflik,conflict,xung đột,갈등
対立,たいりつ,penanaman padi,rice planting,trồng lúa,모내기
田植え,たうえ,selalu,constantly,liên tục,끊임없이
絶えず,たえず,elips,ellipse,hình elip,타원
楕円,だえん,Meningkatkan,Enhance,Nâng cao,증가하다
高める,たかめる,sampai,till,cho đến khi,경작하다
耕す,たがやす,air terjun,waterfall,thác nước,폭포
滝,たき,memasak,cook,đầu bếp,요리하다
炊く,たく,membakar,burn,cháy,바보
焚く,たく,toko,store,cửa hàng,저장하다
蓄える,たくわえる,bambu,bamboo,cây tre ,대나무
竹,たけ,Itu sangat membantu.,That's helpful.,Thông tin đó rất hữu ích.,살아남다
助かる,たすかる,hanya,only,chỉ một,只
只,ただ,Namun,however,Tuy nhiên,그러나
但し,ただし,melipat,fold,nếp gấp,접는
畳む,たたむ,berhenti,stop,dừng lại,멈추다
立ち止まる,たちどまる,Langsung,Immediately,Ngay lập tức,타치 마치
たちまち,たちまち,berdiri,stand,đứng,세우다
建つ,たつ,Berangkat,Depart,Khởi hành,출발하다
発つ,たつ,Penggelinciran,Derailment,Trật bánh,탈선
脱線,だっせん,Wajar,Reasonable,Hợp lý,타당하다
妥当,だとう,membandingkan,compare,so sánh,비유하다
例える,たとえる,dapat diandalkan,reliable,đáng tin cậy,믿음직한
頼もしい,たのもしい,tabi,tabi,tabi,버선
足袋,たび,dobel,double,gấp đôi,더블
ダブル,ダブル,bodoh,fool,ngu xuẩn,다
だます,だます,mengumpulkan,accumulate,tích lũy,모이는
溜まる,たまる,bendungan,dam,đập,댐
ダム,ダム,mendesah,sigh,thở dài,한숨
溜息,ためいき,ragu-ragu,hesitate,do dự,주저하다
ためらう,ためらう,menyimpan,save,cứu,모으다
溜める,ためる,Ceroboh,Sloppy,Cẩu thả,어리석은
だらしない,だらしない,cukup,enough,đủ,부족하다
足る,たる,melangkah,step,bước chân,단계
段階,だんかい,jangka pendek,short term,ngắn hạn,단기
短期,たんき,tambang batu bara,coal mine,mỏ than,탄광
炭鉱,たんこう,Kekurangan,Disadvantages,Nhược điểm,단점
短所,たんしょ,Lemari laci,Chest of drawers,Tủ ngăn kéo,단스
たんす,たんす,air tawar,freshwater,nước ngọt,담수
淡水,たんすい,Pemadaman air,Water outage,Mất nước,단수
断水,だんすい,tunggal,singular,số ít,단수
単数,たんすう,komplek perumahan,housing complex,khu nhà ở,단지
団地,だんち,Pernyataan,Assertion,Khẳng định,단정
断定,だんてい,cerpen,short story,truyện ngắn,단편
短編,たんぺん,bersumpah,swear,thề,맹세하다
誓う,ちかう,air tanah,groundwater,nước ngầm,지하수
地下水,ちかすい,Segera,Soon,Sớm,가까이
近々,ちかぢか,Mendekatkan,Bring closer,Đưa lại gần hơn,접근하다
近付ける,ちかづける,mendekat,come close,đến gần,접근하다
近寄る,ちかよる,kuat,powerful,mạnh mẽ,강력한
力強い,ちからづよい,merobek,tear,xé,치기루
ちぎる,ちぎる,geologi,geology,địa chất,지질
地質,ちしつ,kenalan,acquaintance,người quen,지인
知人,ちじん,daerah,zone,vùng,지대
地帯,ちたい,menyusut,shrink,thu nhỏ,수축하다
縮む,ちぢむ,menyusut,shrink,thu nhỏ,수축하다
縮める,ちぢめる,keriting,curl,uốn cong,수축하다
縮れる,ちぢれる,tip,tip,mẹo,칩
チップ,チップ,titik,point,điểm,지점
地点,ちてん,Nama tempat,Place name,Tên địa điểm,지명
地名,ちめい,cokelat,brown,màu nâu,브라운
茶色い,ちゃいろい,Secara bertahap,Steadily,Dần dần,꾸준히
着々,ちゃくちゃく,mangkuk teh,tea bowl,chén trà,찻잔
茶碗,ちゃわん,tengah,middle,ở giữa,중간
中間,ちゅうかん,Pertengahan,Mid,Giữa,중순
中旬,ちゅうじゅん,abstrak,abstract,tóm tắt,추상
抽象,ちゅうしょう,Abad Pertengahan,middle ages,thời trung cổ,중세
中世,ちゅうせい,netral,neutral,trung lập,중성
中性,ちゅうせい,setengah jalan,halfway,nửa chừng,중도
中途,ちゅうと,setengah baya,middle aged,trung niên,중년
中年,ちゅうねん,kelebihan,excess,thặng dư,초과
超過,ちょうか,patung,sculpture,điêu khắc,조각
彫刻,ちょうこく,Kelebihan,Strong Points,Điểm mạnh,장점
長所,ちょうしょ,Anak perempuan tertua,Eldest daughter,Con gái cả,장녀
長女,ちょうじょ,pengaturan,adjustment,điều chỉnh,조정
調整,ちょうせい,pengaturan,adjustment,điều chỉnh,조정
調節,ちょうせつ,panjang dan pendek,long and short,dài và ngắn,긴 짧은
長短,ちょうたん,puncak,vertex,đỉnh,정점
頂点,ちょうてん,Anak sulung,Eldest son,Con trai cả,장남
長男,ちょうなん,persegi panjang,rectangle,hình chữ nhật,직사각형
長方形,ちょうほうけい,bumbu,seasoning,gia vị,조미료
調味料,ちょうみりょう,kapur,chalk,phấn,분필
チョーク,チョーク,Langsung,Immediately,Ngay lập tức,직후
直後,ちょくご,garis lurus,straight line,đường thẳng,직선
直線,ちょくせん,Tepat sebelum,Just before,Ngay trước đó,직전
直前,ちょくぜん,Saluran langsung,Direct line,Đường dây trực tiếp,직통
直通,ちょくつう,arus searah,direct current,dòng điện một chiều,직류
直流,ちょくりゅう,penyimpanan,storage,kho,저장
貯蔵,ちょぞう,sudut siku-siku,right angle,góc vuông,직각
直角,ちょっかく,diameter,diameter,đường kính,지름
直径,ちょっけい,Membuat kekacauan,Make a mess,Gây ra sự bừa bộn,흩어지다
散らかす,ちらかす,berantakan,messy,lộn xộn,흩어지는
散らかる,ちらかる,menyebarkan,scatter,tiêu tan,흩어지다
散らす,ちらす,kertas debu,dust paper,giấy lau bụi,먼지
塵紙,ちりがみ,untuk menyebar,to scatter,để phân tán,흩어지는
散る,ちる,tambahan,addition,phép cộng,추가
追加,ついか,Omong-omong,By the way,Nhân tiện,이어서
ついで,ついで,mata uang,currency,tiền tệ,통화
通貨,つうか,perjalanan pulang pergi,commute,đi làm,통근
通勤,つうきん,untuk terhubung,to connect,để kết nối,통과하다
通ずる,つうずる,pemberitahuan,notification,thông báo,알림
通知,つうち,buku tabungan,passbook,sổ tiết kiệm,통장
通帳,つうちょう,interpretasi,interpretation,diễn giải,통역
通訳,つうやく,penggunaan umum,common use,sử dụng phổ biến,통용
通用,つうよう,lorong,aisle,lối đi,통로
通路,つうろ,menemani,keep company,giữ mối quan hệ,사귀다
付合う,つきあう,jalan buntu,dead end,ngõ cụt,찌르다
突き当たり,つきあたり,bertabrakan,bump into,tình cờ gặp,맞대다
突き当たる,つきあたる,Tanggal,Date,Ngày,월일
月日,つきひ,Nyalakan,Light up,Thắp sáng lên,켜다
点く,つく,mencolek,poke,xô,찌르다
突く,つく,Berikutnya,Next,Kế tiếp,다음
次ぐ,つぐ,membuat,make,làm,만들기
作る,つくる,membuat,make,làm,건설하다
造る,つくる,memakai,wear,mặc,착용
着ける,つける,Menyalakan,Turn on,Bật lên,켜다
点ける,つける,basah,soak,ngâm,담그다
浸ける,つける,Akan disampaikan,To be conveyed,Sẽ được truyền đạt,전달하다
伝わる,つたわる,Mengenakan biaya,Charge,Thù lao,찌르다
突っ込む,つっこむ,melayani,serve,phục vụ,일하다
務める,つとめる,berjuang,strive,nỗ lực,노력하다
努める,つとめる,tali,rope,dây thừng,줄다리기
綱,つな,koneksi,connection,sự liên quan,연결
繋がり,つながり,Menghubungkan,Connect,Kết nối,연결하다
繋がる,つながる,menghubungkan,connect,kết nối,연결하다
繋げる,つなげる,bulir,grain,ngũ cốc,곡물
粒,つぶ,Menghancurkan,Crush,Người mình thích,부서지다
潰す,つぶす,Bangkrut,Going bankrupt,Phá sản,부서지다
潰れる,つぶれる,tersandung,stumble,vấp ngã,쓰레기
つまずく,つまずく,buntu,clogged,bị tắc nghẽn,포장하다
詰まる,つまる,tumpukan,stack,ngăn xếp,쌓다
積む,つむ,paku,nail,móng tay,손톱
爪,つめ,mengkilap,gloss,bóng,광택
艶,つや,kuat,strong,mạnh,강한
強気,つよき,keseimbangan,balance,THĂNG BẰNG,균형을 잡다
釣り合う,つりあう,Menggantung,Hang,Treo,매달다
吊る,つる,menggantung,hang,treo,매달다
吊す,つるす,Bertemu,Encounter,Bắt gặp,만남
出合い,であい,Cuci tangan,Hand washing,Rửa tay,화장실
手洗い,てあらい,Kapasitas,Capacity,Dung tích,정원
定員,ていいん,Harga yang tertera,List price,Giá niêm yết,정가
定価,ていか,menolak,decline,sự suy sụp,하락
低下,ていか,Kartu komuter,Commuter pass,Thẻ đi lại hàng ngày,정기권
定期券,ていきけん,Ditutup pada,Closed on,Đóng cửa vào,정기휴일
定休日,ていきゅうび,Berhenti,Stop,Dừng lại,정지
停止,ていし,berhenti,stop,dừng lại,정차
停車,ていしゃ,Pemadaman listrik,Power outage,Mất điện,정전
停電,ていでん,Masuk dan Keluar,Entry and Exit,Lối vào và lối ra,출입
出入り,でいり,pintu masuk/keluar,entrance/exit,lối vào/lối ra,출입구
出入口,でいりぐち,pemeliharaan,maintenance,BẢO TRÌ,손질
手入れ,ていれ,tema,theme,chủ đề,테마
テーマ,テーマ,keluar,go out,đi ra ngoài,외출
出掛ける,でかける,Selesai,Finished,Hoàn thành,완성
出来上がり,できあがり,Selesai,Finished,Hoàn thành,완성
出来上がる,できあがる,Tepat,Accurate,Chính xác,정확한
的確,てきかく,tepat,accurate,chính xác,적정
適確,てきかく,pergelangan tangan,wrist,cổ tay,손목
手首,てくび,tidak merata,uneven,không bằng phẳng,요철
凸凹,でこぼこ,Terjangkau,Affordable,Có thể chi trả,저렴한
手頃,てごろ,Omong kosong,Nonsense,Vô lý,어리석은
でたらめ,でたらめ,buku saku,pocket book,sổ tay,수첩
手帳,てちょう,Jembatan kereta api,Railway bridge,Cầu đường sắt,철교
鉄橋,てっきょう,prosedur,procedure,thủ tục,절차
手続き,てつづき,pistol,gun,súng,철포
鉄砲,てっぽう,Lapangan tenis,Tennis court,Sân tennis,테니스 코트
テニスコート,テニスコート,handuk tangan,hand towel,khăn tay,수건
手拭い,てぬぐい,Depan,Front,Đằng trước,앞
手前,てまえ,Selamat datang,Welcome,Chào mừng,마중
出迎え,でむかえ,Selamat datang,Welcoming,Chào mừng,만나다
出迎える,でむかえる,Menerangi,Illuminate,Chiếu sáng,빛나다
照らす,てらす,Bersinar,Shining,Tỏa sáng,빛나는
照る,てる,Perkembangan,Development,Phát triển,배포
展開,てんかい,biografi,biography,tiểu sử,전기
伝記,でんき,bola lampu,light bulb,bóng đèn,전구
電球,でんきゅう,Skor,Score,Điểm,점수
点数,てんすう,Penularan,Contagion,Sự lây lan,전염
伝染,でんせん,baterai,battery,ắc quy,배터리
電池,でんち,titik-titik,dots,chấm,점들
点々,てんてん,Berpindah-pindah dari satu tempat ke tempat lain,Moving from place to place,Di chuyển từ nơi này sang nơi khác,전전
転々,てんてん,tiang listrik,utility pole,cột điện,전주
電柱,でんちゅう,Kaisar,Emperor,Hoàng đế,천황
天皇,てんのう,Gelombang radio,Radio waves,Sóng vô tuyến,전파
電波,でんぱ,tempo,tempo,nhịp độ,템포
テンポ,テンポ,saat ini,current,hiện hành,현재
電流,でんりゅう,tenaga listrik,electric power,điện năng,힘
電力,でんりょく,pertanyaan,inquiry,cuộc điều tra,문의
問い合わせ,といあわせ,tembaga,copper,đồng,구리
銅,どう,penyatuan,unification,thống nhất,통일
統一,とういつ,Peringkat yang sama,Equal rank,Cùng cấp bậc,동격
同格,どうかく,Lulus,Pass,Vượt qua,고개
峠,とうげ,statistik,statistics,thống kê,통계
統計,とうけい,operasi,operation,hoạt động,동작
動作,どうさ,timur dan barat,east and west,đông và tây,동서
東西,とうざい,Pada hari itu,On the day,Vào ngày hôm đó,당일
当日,とうじつ,Surat kepada editor,Letter to the editor,Thư gửi tòa soạn,투서
投書,とうしょ,Penampilan,Appearance,Vẻ bề ngoài,등장
登場,とうじょう,Bagaimanapun,Anyway,Dù sao,어차피
どうせ,どうせ,Terima kasih banyak.,Thank you very much.,Cảm ơn rất nhiều.,잘 부탁드립니다
どうぞよろしく,どうぞよろしく,Mercu suar,Lighthouse,Ngọn hải đăng,등대
灯台,とうだい,pencurian,theft,trộm cắp,도난
盗難,とうなん,Tugas,Duty,Nhiệm vụ,당번
当番,とうばん,Bagilah secara merata,Divide equally,Chia đều,등분
等分,とうぶん,transparan,transparent,trong suốt,투명
透明,とうめい,minyak tanah,kerosene,dầu hỏa,등유
灯油,とうゆ,Mengorientasikan,Orient,Phương Đông,동양
東洋,とうよう,dongeng,fairy tale,truyện cổ tích,동화
童話,どうわ,lewat,passing by,đi ngang qua,지나가다
通り掛かる,とおりかかる,larut,dissolve,hòa tan,녹는
溶かす,とかす,lancip,pointed,chỉ,뾰족하다
尖る,とがる,ドキドキ,ドキドキ,ドキドキ,두근두근
どきどき,どきどき,larut,dissolve,hòa tan,녹다
溶く,とく,mundur,retreat,rút lui,물러나다
退く,どく,spesial,special,đặc biệt,특수
特殊,とくしゅ,Fitur,Features,Đặc trưng,특징
特色,とくしょく,Fitur,Features,Đặc trưng,특징
特長,とくちょう,identifikasi,identification,nhận dạng,특정
特定,とくてい,Penjualan khusus,Special sale,Khuyến mãi đặc biệt,특별 판매
特売,とくばい,Campurkan,Blend in,Hòa nhập vào,녹는
溶け込む,とけこむ,meleleh,melt,tan chảy,녹는
溶ける,とける,menolak,refuse,từ chối ,물러나다
退ける,どける,ceruk,alcove,hốc tường,바닥 사이
床の間,とこのま,tukang cukur,barber,thợ cắt tóc,이발소
床屋,とこや,di sana sini,here and there,đây đó,곳곳
所々,ところどころ,pusat kota,city ​​center,trung tâm thành phố,도심
都心,としん,lemari,cupboard,cái tủ,옷장
戸棚,とだな,Dahulu kala,Long ago,Từ rất lâu trước đây,마침내
とっくに,とっくに,dot,dot,chấm,어딘가
どっと,どっと,Agar tertib,To be in order,Để được sắp xếp gọn gàng,정돈하다
整う,ととのう,tinggal,stay,ở lại,머물다
留まる,とどまる,menangis,bawl,kêu,어떤
どなる,どなる,menyelam,dive,lặn,다이빙
飛び込む,とびこむ,melompat,jump,nhảy,뛰다
跳ぶ,とぶ,tinggal,stay,ở lại,머물다
留まる,とまる,Untuk tetap tinggal,To stay,Để ở lại,묵다
泊める,とめる,Bagaimanapun,Anyway,Dù sao,어쨌든
ともかく,ともかく,menangkap,capture,chiếm lấy,잡다
捕える,とらえる,menggabungkan,incorporate,kết hợp,통합
取り入れる,とりいれる,membatalkan,cancel,Hủy bỏ,취소
取り消す,とりけす,Mengambil,Take out,Mang ra,꺼내다
取り出す,とりだす,mengambil,take,lấy,채취하다
採る,とる,mengambil,take,lấy,잡다
捕る,とる,pelatihan,training,đào tạo,훈련
トレーニング,トレーニング,Donburi (mangkuk nasi),Donburi (rice bowl),Donburi (bát cơm),덮밥
丼,どんぶり,Penyakit Dalam,Internal Medicine,Nội khoa,내과
内科,ないか,perpanjangan,extension,sự mở rộng,내선
内線,ないせん,nilon,nylon,nylon,나일론
ナイロン,ナイロン,menyembuhkan,cure,sự chữa bệnh,치료하다
治す,なおす,panjang,long,dài,오랜
永い,ながい,Rekonsiliasi,Reconciliation,Hòa giải,화해
仲直り,なかなおり,berkepanjangan,prolonged,kéo dài,길다
長引く,ながびく,isi,contents,nội dung,내용
中身,なかみ,Isi,Contents,Nội dung,중미
中味,なかみ,jari tengah,middle finger,ngón tay giữa,가운데 손가락
中指,なかゆび,teman dekat,close friends,bạn thân,좋은 친구
仲良し,なかよし,kenyamanan,comfort,an ủi,위로하다
慰める,なぐさめる,kehilangan,lose,thua,죽다
亡くす,なくす,memukul,hit,đánh,나구루
なぐる,なぐる,Mengerjakan,do,LÀM,이기다
為す,なす,teka-teki,riddle,câu đố,수수께끼
謎謎,なぞなぞ,memiringkan,tilt,nghiêng,기울기
傾らか,なだらか,rindu,nostalgic,hoài niệm,그리운
懐かしい,なつかしい,peliharaan,pet,thú cưng,쓰다듬다
撫でる,なでる,diagonal,diagonal,đường chéo,대각선
斜め,ななめ,Bagaimanapun,After all,Xét cho cùng,어쨌든
なにしろ,なにしろ,Apa,What,Cái gì,무언가
何々,なになに,berapa menit,How many minutes,Bao nhiêu phút,몇 분
何分,なにぶん,kurang ajar,impudent,hỗn xược,건방진
生意気,なまいき,Namiki,Namiki,Namiki,가로수
並木,なみき,mengikuti,follow,theo,모방하다
倣う,ならう,cincin,ring,nhẫn,울리다
鳴らす,ならす,untuk hidup,to live,để sống,살다
生る,なる,Untuk membiasakan diri,To get used to,Để làm quen với,익숙한
馴れる,なれる,Daerah Kutub Selatan,Antarctic,Nam Cực,남극
南極,なんきょく,Bagaimanapun,Somehow,Bằng cách nào đó,어쨌든
なんとなく,なんとなく,Bagaimana,How,Làm sao,정말
なんとも,なんとも,Nomor,Number,Con số,번호
ナンバー,ナンバー,Amerika Selatan,South America,Nam Mỹ,남미
南米,なんべい,utara dan selatan,north and south,bắc và nam,남북
南北,なんぼく,mendidihkan,boil,đun sôi,끓인다
煮える,にえる,bau,smell,mùi,냄새
匂う,におう,Melepaskan,Let go,Hãy buông bỏ,놓치다
逃がす,にがす,penuh kebencian,hateful,đáng ghét,미워하다
憎い,にくい,membenci,hate,ghét,미워하다
憎む,にくむ,penuh kebencian,hateful,đáng ghét,미워하다
憎らしい,にくらしい,Tersenyum,Smiling,Mỉm cười,니코니코
にこにこ,にこにこ,Menjadi berawan,To become cloudy,Trở nên nhiều mây,탁하다
濁る,にごる,pelangi,rainbow,cầu vồng,무지개
虹,にじ,Tanggal dan waktu,Date and time,Ngày và giờ,일시
日時,にちじ,kebutuhan sehari-hari,daily necessities,nhu yếu phẩm hàng ngày,일용품
日用品,にちようひん,Rutinitas harian,Daily routine,Thói quen hàng ngày,일과
日課,にっか,jadwal,schedule,lịch trình,일정
日程,にってい,membosankan,dull,đần độn,둔한
鈍い,にぶい,Bergabung dengan perusahaan,Joining the company,Gia nhập công ty,입사
入社,にゅうしゃ,istri,wife,vợ,여방
女房,にょうぼう,Menyolok,Glaring,Nhìn chằm chằm,노려보는
睨む,にらむ,mendidihkan,boil,đun sôi,끓인다
煮る,にる,momen,moment,chốc lát,봉
俄,にわか,menjahit,sew,may,꿰매다
縫う,ぬう,basah,wet,ướt,젖음
濡らす,ぬらす,baut,screw,vít,나사
ねじ,ねじ,memutar,twist,xoắn,비틀다
捩る,ねじる,kalung,necklace,vòng cổ,목걸이
ネックレス,ネックレス,panas,heat,nhiệt,뜨겁다
熱する,ねっする,pakaian tidur,sleepwear,đồ ngủ,수면복
寝間着,ねまき,pakaian tidur,nightwear,đồ ngủ,시가
寝巻,ねまき,tujuan,the aim,mục tiêu,목표
狙い,ねらい,Tujuan,Aim,Mục tiêu,노리다
狙う,ねらう,tahun,year,năm,연도
年度,ねんど,produk pertanian,agricultural products,sản phẩm nông nghiệp,농산물
農産物,のうさんぶつ,pedesaan,rural,nông thôn,시골
農村,のうそん,konsentrasi,concentration,sự tập trung,농도
濃度,のうど,pestisida,pesticides,thuốc trừ sâu,농약
農薬,のうやく,efisiensi,efficiency,hiệu quả,능률
能率,のうりつ,gergaji,saw,cái cưa,톱
のこぎり,のこぎり,semua,all,tất cả,남지 않고
残らず,のこらず,Mengunggah,Upload,Tải lên,놓다
載せる,のせる,mengintip,peek,nhìn trộm,들여다
覗く,のぞく,memperpanjang,extend,mở rộng,연장하다
延ばす,のばす,memperpanjang,extend,mở rộng,연장하다
延びる,のびる,Menanjak,Uphill,Lên dốc,오르막
上り,のぼり,mendaki,climb,leo,오르다
上る,のぼる,pasta,paste,dán,풀
糊,のり,transfer,transfer,chuyển khoản,환승
乗換,のりかえ,akan diterbitkan,to be published,sẽ được xuất bản,실다
載る,のる,membosankan,dull,đần độn,둔한
鈍い,のろい,Lambat,Slow,Chậm,노로로
のろのろ,のろのろ,riang,carefree,vô tư,쑥
呑気,のんき,abu-abu,gray,xám,회색
灰色,はいいろ,haiku,haiku,haiku,하이쿠
俳句,はいく,Saya sudah melihatnya.,I have seen it.,Tôi đã nhìn thấy nó.,배견
拝見,はいけん,berdiri,stand,đứng,매점
売店,ばいてん,selamat tinggal,bye bye,tạm biệt,바이바이
バイバイ,バイバイ,Jual beli,Buy and Sell,Mua và bán,매매
売買,ばいばい,merangkak,crawl,bò,포기하다
這う,はう,untuk tumbuh,to grow,để phát triển,자란
生える,はえる,Mengupas,Peel,Bóc,벗기다
剥す,はがす,Konyol,Ridiculous,Lố bịch,어리석은
ばからしい,ばからしい,skala,scale,tỉ lệ,저울
秤,はかり,ukuran,measure,đo lường,무게
量る,はかる,ukuran,measure,đo lường,측정하다
測る,はかる,mual,nausea,buồn nôn,메스꺼움
吐き気,はきけ,Mengunyah,Chewing,Nhai,하키하키
はきはき,はきはき,menyapu,sweep,quét,스윕
掃く,はく,gigi,gear,bánh răng,기어
歯車,はぐるま,keranjang,bucket,xô,양동이
バケツ,バケツ,terjebak,to get stuck,bị mắc kẹt,끼다
挟まる,はさまる,untuk memegang,to hold,để giữ,끼다
挟む,はさむ,sumpit,chopsticks,đũa,젓가락
箸,はし,tangga,ladder,thang,사다리
梯子,はしご,Pertama,First,Đầu tiên,처음에
始めに,はじめに,Pertama,First,Đầu tiên,처음에
初めに,はじめに,Senang bertemu dengan Anda,nice to meet you,Rất vui được gặp bạn,만나서 반갑습니다.
はじめまして,はじめまして,Miring,Oblique,Xiên,대각선
斜,はす,Lepas,Comes off,Tháo ra,벗어나다
外れる,はずれる,pola,pattern,mẫu,패턴
パターン,パターン,pakaian dalam,underwear,đồ lót,속옷
肌着,はだぎ,Memang,Indeed,Thực vậy,과연
果して,はたして,pot,pot,chậu,화분
鉢,はち,×,×,×,×
×,ばつ,Demonstrasi,Demonstration,Cuộc biểu diễn,발휘
発揮,はっき,kembali,back,mặt sau,뒤로
バック,バック,penembakan,firing,bắn,발사
発射,はっしゃ,Ide,Idea,Ý tưởng,발상
発想,はっそう,Pembangkit listrik,Power generation,Phát điện,발전
発電,はつでん,Melepaskan,Release,Giải phóng,발매
発売,はつばい,menyolok,flashy,hào nhoáng,화려한
派手,はで,diskusi,discussion,cuộc thảo luận,토론
話合い,はなしあい,Mulailah percakapan,Start a conversation,Bắt đầu một cuộc trò chuyện,말을 걸다
話し掛ける,はなしかける,Sibuk,Busy,Bận,말하는 중
話中,はなしちゅう,Ekstrim,Extreme,Vô cùng,심한
甚だしい,はなはだしい,kembang api,firework,pháo hoa,불꽃
花火,はなび,pengantin perempuan,bride,cô dâu,신부
花嫁,はなよめ,Melepaskan,Release,Giải phóng,떠나다
放れる,はなれる,Bulu,Feather,Lông vũ,깃털
羽根,はね,musim semi,spring,mùa xuân,봄
ばね,ばね,melambung,bounce,tung lên,튀는
跳ねる,はねる,fragmen,fragments,mảnh vỡ,파편
破片,はへん,pasta gigi,dentifrice,kem đánh răng,치약
歯磨き,はみがき,untuk mengenakan,to put on,để mặc vào,끼다
はめる,はめる,Berbicara dengan cepat,Speaking quickly,Nói nhanh,빠른 입
早口,はやくち,Populer,Popular,Phổ biến,유행하다
流行る,はやる,Membayar,Pay,Chi trả,지불하다
払い込む,はらいこむ,pengembalian dana,refund,đền bù,환불
払い戻す,はらいもどす,keseimbangan,balance,THĂNG BẰNG,균형
バランス,バランス,kabel,wire,dây điện,철사
針金,はりがね,bersikap antusias,be enthusiastic,hãy nhiệt tình,끊다
張り切る,はりきる,cerminan,reflection,sự phản xạ,반영
反映,はんえい,radius,radius,bán kính,반경
半径,はんけい,segel,seal,niêm phong,판자
判子,はんこ,Hore!,Hurray!,Hoan hô!,만세
万歳,ばんざい,Hakim,Judge,Phán xét,판사
判事,はんじ,introspeksi,introspection,sự tự soi xét,반성
反省,はんせい,alamat jalan,street address,địa chỉ đường phố,번지
番地,ばんち,celana,pants,quần dài,바지
パンツ,パンツ,pita,band,ban nhạc,밴드
バンド,バンド,semenanjung,peninsula,bán đảo,반도
半島,はんとう,menangani,handle,xử lý,손잡이
ハンドル,ハンドル,Sinar matahari,Sunlight,Ánh sáng mặt trời,햇볕
日当たり,ひあたり,Perjalanan sehari,Day trip,Chuyến đi trong ngày,당일치기
日帰り,ひがえり,relatif,relatively,tương đối,상대적으로
比較的,ひかくてき,naungan,shade,bóng râm,그늘
日陰,ひかげ,Berkilau,Sparkling,Lấp lánh,피카피카
ぴかぴか,ぴかぴか,melakukan,undertake,thực hiện,인수하다
引受る,ひきうける,Kembali,Turn back,Quay lại,반환
引返す,ひきかえす,pengurangan,subtraction,phép trừ,뺄셈
引算,ひきざん,laci,drawer,ngăn kéo,서랍
引出す,ひきだす,Cobalah untuk menghentikan mereka,Try to stop them,Hãy cố gắng ngăn chặn họ.,멈추다
引き止める,ひきとめる,pengecut,cowardly,hèn nhát,卑怯
卑怯,ひきょう,Menggambar,Draw,Vẽ tranh,무승부
引分け,ひきわけ,jenggot,beard,râu ,수염
髭,ひげ,sinar matahari,rays of the sun,tia nắng mặt trời,햇빛
陽射,ひざし,siku,elbow,khuỷu tay,팔꿈치
肘,ひじ,pistol,pistol,súng lục,권총
ピストル,ピストル,vitamin,vitamin,vitamin,비타민
ビタミン,ビタミン,Sempurna,Perfectly,Hoàn hảo,딱
ぴたり,ぴたり,Tersangkut,Get caught,Bị bắt,구부리다
引っ掛かる,ひっかかる,menulis,writing,viết,필기
筆記,ひっき,terbalik,upside down,lộn ngược,되풀이 반복
引っ繰り返,ひっくりかえす,terbalik,upside down,lộn ngược,되풀이 반복
引っ繰り返,ひっくりかえる,pindah,moving,di chuyển,이사
引越し,ひっこし,menarik,withdraw,rút,철회
引っ込む,ひっこむ,Pengarang,Author,Tác giả,필자
筆者,ひっしゃ,kebutuhan,necessities,nhu yếu phẩm,필수품
必需品,ひつじゅひん,jari telunjuk,index finger,ngón trỏ,검지
人差指,ひとさしゆび,secara umum,in a general way,một cách tổng quát,하나의 거리
一通り,ひととおり,lalu lintas pejalan kaki,pedestrian traffic,giao thông người đi bộ,사람 거리
人通り,ひとどおり,untuk saat ini,for now,hiện tại,일단
ひとまず,ひとまず,murid,pupil,học sinh,눈동자
瞳,ひとみ,Beristirahatlah,Take a break,Hãy nghỉ ngơi,한방
一休み,ひとやすみ,Berbicara pada diri sendiri,Talking to myself,Tôi đang tự nói chuyện với chính mình,혼자
独り言,ひとりごと,Dengan sendirinya,By itself,Tự nó,혼자
ひとりでに,ひとりでに,vinil,vinyl,đĩa than,비닐
ビニール,ビニール,Ironi,Irony,Sự trớ trêu,아이러니
皮肉,ひにく,Hari demi hari,Day day,Ngày ngày,일일
日日,ひにち,memutar,twist,xoắn,비틀다
捻る,ひねる,matahari terbenam,sunset,hoàng hôn,일몰
日の入り,ひのいり,matahari terbit,sunrise,bình minh,일출
日の出,ひので,suara,sound,âm thanh,울림
響き,ひびき,beresonansi,resonating,cộng hưởng,울리는
響く,ひびく,kulit,skin,da,피부
皮膚,ひふ,Dingin,cool,mát mẻ,식히다
冷やす,ひやす,Kamus 100 Tahun,100-Year Dictionary,Từ điển 100 năm,히카지 텐
ひゃっかじてん,ひゃっかじてん,Kecantikan,Beauty,Sắc đẹp,미용
美容,びよう,menutupi,cover,che phủ,표지
表紙,ひょうし,tanda,sign,dấu hiệu,표지판
標識,ひょうしき,standar,standard,tiêu chuẩn,표준
標準,ひょうじゅん,contoh,specimen,mẫu vật,표본
標本,ひょうほん,kritik,criticism,sự chỉ trích,평론
評論,ひょうろん,hiragana,hiragana,hiragana,히라가나
平仮名,ひらがな,bangunan,building,xây dựng,빌딩
ビルディング,ビルディング,tidur sebentar,nap,ngủ trưa,낮잠
昼寝,ひるね,menyebar,spread,lây lan,펼치다
広げる,ひろげる,ukuran,size,kích cỡ,넓이
広さ,ひろさ,Persegi,Square,Quảng trường,광장
広場,ひろば,luas,spacious,rộng rãi,넓다
広々,ひろびろ,menyebar,spread,lây lan,전파하다
広める,ひろめる,berwarna merah muda,pink,hồng,핑크
ピンク,ピンク,Kertas surat,Letter paper,Giấy viết thư,편지
便箋,びんせん,Dikemas dalam botol,Bottled,Đóng chai,병
瓶詰,びんづめ,pengikat,fastener,chốt,패스너
ファスナー,ファスナー,balon,balloon,bóng bay,풍선
風船,ふうせん,Sial,Bad luck,Xui xẻo,불운
不運,ふうん,berkembang biak,multiply,nhân,자라다
殖える,ふえる,semakin dalam,deepening,làm sâu sắc thêm,깊은
深まる,ふかまる,tidak teratur,irregular,không đều,불규칙
不規則,ふきそく,popularisasi,popularization,phổ biến,보급
普及,ふきゅう,di dekat sini,nearby,gần đó,부근
付近,ふきん,menghapus,wipe,lau đi,닦다
拭く,ふく,kata keterangan,adverb,trạng từ,부사
副詞,ふくし,menyalin,copy,bản sao,복제
複写,ふくしゃ,beberapa,multiple,nhiều,여러
複数,ふくすう,termasuk,include,bao gồm,포함
含める,ふくめる,memompa,inflate,thổi phồng lên,부풀리다
膨らます,ふくらます,Membengkak,Swell,Sưng lên,부풀다
膨らむ,ふくらむ,Najis,Unclean,Không sạch sẽ,불결
不潔,ふけつ,Malam semakin larut,The night deepens,Màn đêm buông xuống,추가
更ける,ふける,tanda,sign,dấu hiệu,부호
符号,ふごう,suami dan istri,husband and wife,chồng và vợ,부부
夫妻,ふさい,Diblokir,Blocked,Bị chặn,막다
塞がる,ふさがる,memblokir,block,khối,막다
塞ぐ,ふさぐ,Bertingkah konyol,To be silly,Thật ngớ ngẩn,장난하다
ふざける,ふざける,Lama tak jumpa,Long time no see,Lâu rồi không gặp,무사태
無沙汰,ぶさた,samurai,samurai,samurai,사무라이
武士,ぶし,radikal,radical,cực đoan,부수
部首,ぶしゅ,Fusuma (pintu geser),Fusuma (sliding doors),Fusuma (cửa trượt),襖
襖,ふすま,terlampir,attached,đính kèm,부속
附属,ふぞく,tutup,lid,nắp,뚜껑
蓋,ふた,Tidak beroperasi,Out of service,Ngừng hoạt động,불통
不通,ふつう,bertabrakan,collide,va chạm,부딪히다
ぶつかる,ぶつかる,memukul,hit,đánh,부딪히다
ぶつける,ぶつける,berbahaya,dangerous,nguy hiểm,시끄러운
物騒,ぶっそう,bergumam,muttering,lẩm bẩm,부딪치다
ぶつぶつ,ぶつぶつ,Pengiriman barang melalui laut,Sea freight,Vận tải đường biển,배편
船便,ふなびん,bagian-bagian,parts,các bộ phận,부품
部品,ぶひん,Badai salju,Blizzard,Bão tuyết,눈보라
吹雪,ふぶき,orang tua,parents,cha mẹ,부모
父母,ふぼ,Perlintasan kereta api,Railroad crossing,Đường ray giao nhau,건널목
踏切,ふみきり,Kaki gunung,Foot of the mountain,Chân núi,기슭
麓,ふもと,meningkatkan,increase,tăng,늘리다
増やす,ふやす,meningkatkan,increase,tăng,번식하다
殖やす,ふやす,wajan,frying pan,chảo rán,프라이팬
フライパン,フライパン,blus,blouse,áo cánh,블라우스
ブラウス,ブラウス,untuk menggantung,to hang,để treo,매달리다
ぶらさげる,ぶらさげる,sikat,brush,chải,브러쉬
ブラシ,ブラシ,plastik,plastic,nhựa,플라스틱
プラスチック,プラスチック,platform,platform,nền tảng,플랫폼
プラットホーム,プラットホーム,Bebas,Free,Miễn phí,무료
フリー,フリー,Furigana,Furigana,Furigana,진 가나
振り仮名,ふりがな,mencetak,print,in,인쇄
プリント,プリント,berperilaku baik,behave,ứng xử,행동하다
振舞う,ふるまう,bros,brooch,trâm,브로치
ブローチ,ブローチ,program,program,chương trình,프로그램
プログラム,プログラム,Furoshiki (kain pembungkus),Furoshiki (wrapping cloth),Furoshiki (vải bọc),보자기
風呂敷,ふろしき,Empuk,Fluffy,Mềm mại,푹신한
ふわふわ,ふわふわ,letusan,eruption,sự phun trào,분화
噴火,ふんか,Penguraian,Decomposition,Phân hủy,분해
分解,ぶんかい,Literatur,Literature,Văn học,문예
文芸,ぶんげい,literatur,literature,văn học,문헌
文献,ぶんけん,air mancur,fountain,đài phun nước,분수
噴水,ふんすい,pecahan,fraction,phân số,분수
分数,ぶんすう,gaya penulisan,writing style,phong cách viết,문체
文体,ぶんたい,distribusi,distribution,phân bổ,분포
分布,ぶんぷ,alat tulis,stationery,văn phòng phẩm,문방구
文房具,ぶんぼうぐ,konteks,context,bối cảnh,문맥
文脈,ぶんみゃく,kuantitas,quantity,Số lượng,분량
分量,ぶんりょう,klasifikasi,classification,phân loại,분류
分類,ぶんるい,Penutupan,Closing,Kết thúc,폐회
閉会,へいかい,Saya baik-baik saja,I'm fine,Tôi ổn,평기
平気,へいき,paralel,parallel,song song,동시
並行,へいこう,hari kerja,weekdays,các ngày trong tuần,평일
平日,へいじつ,tentara,soldier,lính,군대
兵隊,へいたい,Biasa,Ordinary,Bình thường,평범한
平凡,へいぼん,Hirano,Hirano,Hirano,평야
平野,へいや,depresi,depressed,trầm cảm,오목하다
凹む,へこむ,pusar,belly button,rốn,배꼽
へそ,へそ,memisahkan,separate,chia,분리하다
隔てる,へだてる,Rumah liburan,Vacation home,Nhà nghỉ dưỡng,펜션
別荘,べっそう,terpisah,separately,riêng,별도
別々,べつべつ,veteran,veteran,cựu chiến binh,베테랑
ベテラン,ベテラン,helikopter,helicopter,trực thăng,헬리콥터
ヘリコプター,ヘリコプター,Neraka,Hell,Địa ngục,헤루
へる,へる,pena,pen,cái bút,펜
ぺん,ぺん,sunting,edit,biên tập,편집
編集,へんしゅう,toilet,toilet,nhà vệ sinh,변소
便所,べんじょ,tang,pliers,kìm,펜치
ペンチ,ペンチ,teleskop,telescope,kính thiên văn,망원경
望遠鏡,ぼうえんきょう,arah,direction,phương hướng,사각
方角,ほうがく,sapu,broom,chổi,젓가락
箒,ほうき,dialek,dialect,phương ngữ,방언
方言,ほうげん,biarawan,monk,tu sĩ,보씨
坊さん,ぼうさん,pencegahan,prevention,phòng ngừa,예방
防止,ぼうし,kebijakan,policy,chính sách,정책
方針,ほうしん,kemasan,packaging,bao bì,포장
包装,ほうそう,hukum,law,pháp luật,법칙
法則,ほうそく,perban,bandage,băng gạc,붕대
包帯,ほうたい,sangat besar,enormous,lớn lao,엄청난
膨大,ぼうだい,pisau dapur,kitchen knife,dao nhà bếp,요정
庖丁,ほうちょう,persamaan,equation,phương trình,방정식
方程式,ほうていしき,Pencegahan kejahatan,Crime prevention,Phòng chống tội phạm,방범
防犯,ぼうはん,arah,direction,phương hướng,방면
方面,ほうめん,anak laki-laki,boy,con trai,보야
坊や,ぼうや,melemparkan,throw,ném,떠나다
放る,ほうる,bonus,bonus,thưởng,보너스
ボーナス,ボーナス,Ceria,Cheerful,Vui vẻ,눈부신
朗らか,ほがらか,peternakan,ranch,trang trại,목장
牧場,ぼくじょう,Ternak,Livestock,Gia súc,목축
牧畜,ぼくちく,kesehatan,health,sức khỏe,건강
保健,ほけん,Rekrutmen,Recruitment,Tuyển dụng,모집
募集,ぼしゅう,kering,dry,khô,말린다
干す,ほす,Poster,Poster,Áp phích,포스터
ポスター,ポスター,arktik,arctic,Bắc Cực,북극
北極,ほっきょく,Tuan Muda,Young Master,Thiếu gia,보짱
坊っちゃん,ぼっちゃん,Membuka,Untie,Cởi dây,풀다
ほどく,ほどく,parit,moat,hào nước,해자
堀,ほり,menggali,dig,đào,파다
掘る,ほる,mengukir,carve,chạm khắc,조각하다
彫る,ほる,kain lusuh,rags,giẻ rách,보로
ぼろ,ぼろ,Obon,Obon,Obon,봉
盆,ぼん,baskom,basin,lưu vực,분지
盆地,ぼんち,Markas besar,Headquarters,Trụ sở chính,본부
本部,ほんぶ,semula,originally,ban đầu,본래
本来,ほんらい,Lumayanlah,So-so,Tạm được,글쎄
まあまあ,まあまあ,Jumlah lembar,Number of sheets,Số lượng tờ,매수
枚数,まいすう,Setiap kali,Every time,Mỗi lần,매번
毎度,まいど,minus,minus,âm,마이너스
マイナス,マイナス,gulungan,roll,cuộn,감기
巻く,まく,menabur,sow,nái,뿌리다
蒔く,まく,menabur,sow,nái,뿌리다
撒く,まく,bantal,pillow,cái gối,베개
枕,まくら,membengkokkan,bend,uốn cong,구부리다
曲げる,まげる,Magomago,Magomago,Magomago,마고마고
まごまご,まごまご,gesekan,friction,ma sát,마찰
摩擦,まさつ,mencampur,mix,trộn,섞다
混ざる,まざる,Berinteraksi,Interacting,Tương tác,교차하다
交ざる,まざる,mencampur,mix,trộn,혼합하다
混じる,まじる,Mencampur,Mix,Trộn,교차하다
交じる,まじる,masker,mask,mặt nạ,가면
マスク,マスク,mencampur,mix,trộn,섞다
混ぜる,まぜる,mencampur,mix,trộn,교차하다
交ぜる,まぜる,Melangkahi,Step over,Bước qua,다시
またぐ,またぐ,atau,or,hoặc,또는
又は,または,ruang tunggu,waiting room,phòng chờ,대기실
待合室,まちあいしつ,Pertemuan,Meeting,Cuộc họp,만남
待ち合わせ,まちあわせる,sudut jalan,street corner,góc phố,거리 각
街角,まちかど,Gelap gulita,Pitch black,Tối đen như mực,어둠
真っ暗,まっくら,Gelap gulita,Pitch black,Tối đen như mực,새까만
真っ黒,まっくろ,biru tua,deep blue,màu xanh đậm,밝은 파란색
真っ青,まっさお,Pertama,First,Đầu tiên,맨끝
真っ先,まっさき,putih murni,pure white,trắng tinh khiết,새하얀
真っ白,まっしろ,untuk beribadah,to worship,để thờ cúng,축제
祭る,まつる,jendela,window,cửa sổ,창구
窓口,まどぐち,Untuk berkumpul bersama,To come together,Để cùng nhau,정리하다
纏まる,まとまる,Meringkaskan,Summarize,Tóm tắt,묶다
纏める,まとめる,meniru,mimic,bắt chước,모방하다
真似る,まねる,terang,bright,sáng,눈부신
まぶしい,まぶしい,kelopak mata,eyelid,mí mắt,눈꺼풀
まぶた,まぶた,knalpot,muffler,ống pô,머플러
マフラー,マフラー,segera,soon,sớm,곧
間も無く,まもなく,maraton,marathon,cuộc chạy marathon,마라톤
マラソン,マラソン,bulat,round,tròn,둥근
円い,まるい,langka,rare,hiếm,드문
稀,まれ,jalan memutar,detour,đường vòng,회전길
回り道,まわりみち,Penuh,Full,Đầy,만원
満員,まんいん,apartemen,apartment,căn hộ,아파트
マンション,マンション,Nilai sempurna,Perfect score,Điểm tuyệt đối,만점
満点,まんてん,Mengantar,Seeing off,tiễn biệt,배웅하다
見送る,みおくる,Melihat ke bawah,Looking down,Nhìn xuống,내려다
見下ろす,みおろす,penampilan,appearance,vẻ bề ngoài,겉보기
見掛け,みかけ,Bulan Sabit,Crescent Moon,Trăng lưỡi liềm,초승달
三日月,みかづき,tanjung,cape,áo choàng,케이프
岬,みさき,Menderita,Miserable,Khổ sở,미지메
みじめ,みじめ,mesin jahit,sewing machine,máy may,재봉틀
ミシン,ミシン,Toko,Shop,Cửa hàng,점포
店屋,みせや,Judul berita,Headline,Tiêu đề,제목
見出し,みだし,Petunjuk,Directions,Hướng dẫn,길순
道順,みちじゅん,Ditemukan,Found,Thành lập,발견하다
見付かる,みつかる,menemukan,find,tìm thấy,찾다
見付ける,みつける,Memalukan,Shameful,Đáng xấu hổ,확실하지 않다.
みっともない,みっともない,Tinjauan,Review,Ôn tập,검토하다
見直す,みなおす,terbiasa,be familiar,hãy làm quen,익숙한
見慣れる,みなれる,jelek,ugly,xấu xí,추한
醜い,みにくい,berbuah,to bear fruit,để sinh trái,얻다
実る,みのる,status,status,trạng thái,신분
身分,みぶん,mencicipi,sample,vật mẫu,견본
見本,みほん,Mengunjungi,Visit,Thăm nom,훔치다
見舞う,みまう,kurang dari,less than,ít hơn,이하
未満,みまん,Nama belakang,Surname,Họ,이름
名字,みょうじ,Mili,Milli,Milli,밀리
ミリ,（メートル）,Meneliti,Examine,Nghiên cứu,진찰
診る,みる,pribadi,private,riêng tư,민간
民間,みんかん,Lagu-lagu rakyat,Folk songs,Dân ca,민요
民謡,みんよう,Di sana,Over there,Ở đằng kia,향하다
向う,むかう,mengupas,peel,bóc,벗기다
剥く,むく,tak terbatas,infinite,vô hạn,무한
無限,むげん,Polos,Plain,Đơn giản,무지
無地,むじ,lembab,humid,ẩm ướt,무더운
蒸し暑い,むしあつい,kontradiksi,contradiction,mâu thuẫn,모순
矛盾,むじゅん,uap,steam,hơi nước,찐
蒸す,むす,tak terhitung,countless,vô số,무수한
無数,むすう,Ungu,Purple,Màu tím,보라색
紫,むらさき,kawanan,flock,đàn,무리
群れ,むれ,keponakan perempuan,niece,cháu gái,조카
姪,めい,Mahakarya,Masterpiece,Kiệt tác,명작
名作,めいさく,kartu nama,business card,danh thiếp,명함
名刺,めいし,kata benda,noun,danh từ,명사
名詞,めいし,Tempat-tempat terkenal,Famous places,Những địa điểm nổi tiếng,명소
名所,めいしょ,memerintah,command,yêu cầu,목숨
命ずる,めいずる,takhyul,superstition,mê tín dị đoan,미신
迷信,めいしん,Spesialisasi,Specialty,Chuyên ngành,명물
名物,めいぶつ,Setiap,Each,Mỗi,이름
銘々,めいめい,unggul,superior,thượng đẳng,눈에
目上,めうえ,meter,meter,mét,미터
メーター,メーター,Diberkati,Blessed,Được chúc phúc,축복받다
恵まれる,めぐまれる,berputar-putar,circling,xoay vòng,둘러싸다
巡る,めぐる,tujuan,aim,mục tiêu,목표
目指す,めざす,alarm,alarm,báo thức,알람
目覚し,めざまし,Saat ini,Currently,Hiện nay,현재
目下,めした,Landmark,Landmark,Địa danh,장소표시
目印,めじるし,menonjol,stand out,nổi bật,눈에 띄는
目立つ,めだつ,sangat,extremely,vô cùng,망할
めちゃくちゃ,めちゃくちゃ,tampak,noticeably,đáng chú ý,도금
めっきり,めっきり,Selamat!,Congratulations!,Chúc mừng!,보고싶다
めでたい,めでたい,menu,menu,thực đơn,메뉴
メニュー,メニュー,pusing,dizziness,chóng mặt,현기증
めまい,めまい,pedoman,guideline,hướng dẫn,기준
目安,めやす,bebas bea,duty free,miễn thuế,면세
免税,めんぜい,daerah,area,khu vực,면적
面積,めんせき,wawancara,interview,phỏng vấn,인터뷰
面接,めんせつ,Sulit,Troublesome,Gây phiền phức,귀찮은 냄새
面倒臭い,めんどうくさい,memperoleh keuntungan,make a profit,kiếm lời,돈을 벌다
儲かる,もうかる,Menghasilkan uang,Make money,Kiếm tiền,벌다
儲ける,もうける,saya minta maaf,I'm sorry,Tôi xin lỗi,죄송합니다
申し訳ない,もうしわけない,motor,motor,động cơ,모터
モーター,モーター,kayu,wood,gỗ,목재
木材,もくざい,Daftar isi,table of contents,mục lục,목차
目次,もくじ,menyelam,dive,lặn,잠수하다
潜る,もぐる,Mungkin,Maybe,Có lẽ,어쩌면
もしかしたら,もしかしたら,Mungkin,Perhaps,Có lẽ,어쩌면
もしかすると,もしかすると,condong,leaning,nghiêng,기대다
もたれる,もたれる,modern,modern,hiện đại,현대
モダン,モダン,kue beras,rice cake,bánh gạo,떡
餅,もち,terlalu bagus untuk disia-siakan,too good to waste,quá tốt để lãng phí,아쉬움
もったいない,もったいない,Model,Model,Người mẫu,모델
モデル,モデル,semula,originally,ban đầu,원래
元々,もともと,gudang penyimpanan,storage shed,nhà kho,방치
物置,ものおき,Untuk menceritakan sebuah kisah,To tell a story,Để kể một câu chuyện,이야기하다
物語る,ものがたる,penggaris,ruler,cái thước kẻ,물병
物差し,ものさし,Menakjubkan,Incredible,Đáng kinh ngạc,굉장한
物凄い,ものすごい,monorel,monorail,tàu điện một ray,모노레일
モノレール,モノレール,daun musim gugur,autumn leaves,lá mùa thu,단풍
紅葉,もみじ,menggosok,rub,xoa bóp,비비다
揉む,もむ,membakar,burn,cháy,태우다
燃やす,もやす,peristiwa,event,sự kiện,행사
催し,もよおし,tumpukan,pile,đống,담다
盛る,もる,tanya Jawab,question and answer,câu hỏi và câu trả lời,질문 답변
問答,もんどう,Bising,Noisy,Ồn ào,어리석은
やかましい,やかましい,waktu malam,night time,ban đêm,야간
夜間,やかん,ketel,kettle,ấm đun nước,약 캔
薬缶,やかん,aktor,actor,diễn viên,배우
役者,やくしゃ,Kantor pemerintah,Government office,Văn phòng chính phủ,관공서
役所,やくしょ,Menerjemahkan,Translate,Dịch,번역
訳す,やくす,Resmi,Official,Chính thức,장교
役人,やくにん,Obat,Medicines,Các loại thuốc,약품
薬品,やくひん,Peran,Role,Vai trò,역할
役目,やくめ,membakar,burn,cháy,화상
火傷,やけど,Kereta malam,Night train,Tàu đêm,야간
夜行,やこう,anak panah,arrow,mũi tên,화살
矢印,やじるし,terlalu berlebihan,excessively,quá mức,마침내
やたらに,やたらに,farmasi,pharmacy,nhà thuốc,약국
薬局,やっきょく,keren banget,kick ass,xuất sắc,붙잡다
やっつける,やっつける,tuan tanah,landlord,chủ nhà,집주인
家主,やぬし,setelah dipikirkan ulang,on second thoughts,suy nghĩ lại,역시
やっぱり,やっぱり,merobek,to tear,xé,찢다
破く,やぶく,merobek,tear,xé,찢어지는
破れる,やぶれる,tak terhindarkan,unavoidable,không thể tránh khỏi,부득이한
やむをえない,やむをえない,lembut,soft,mềm mại,부드러운
軟らかい,やわらかい,taman hiburan,amusement park,công viên giải trí,유원지
遊園地,ゆうえんち,Edisi malam,Evening edition,Phiên bản buổi tối,석간
夕刊,ゆうかん,persahabatan,friendship,tình bạn,우호
友好,ゆうこう,surat,mail,thư,우송
郵送,ゆうそう,Hujan sore hari,Evening shower,Mưa chiều,저녁
夕立,ゆうだち,Matahari terbenam,Sunset,Hoàng hôn,일몰
夕日,ゆうひ,Santai,Leisurely,Thảnh thơi,유유
悠々,ゆうゆう,Dibayar,Paid,Trả,유료
有料,ゆうりょう,yukata,yukata,yukata,유카타
浴衣,ゆかた,uap,steam,hơi nước,김
湯気,ゆげ,transfusi,transfusion,truyền máu,수혈
輸血,ゆけつ,angkutan,transportation,vận tải,수송
輸送,ゆそう,kecerobohan,carelessness,sự bất cẩn,방심
油断,ゆだん,mendidihkan,boil,đun sôi,삶은
ゆでる,ゆでる,cangkir teh,teacup,tách trà,온수
湯飲み,ゆのみ,longgar,loose,lỏng lẻo,느슨한
緩い,ゆるい,lahar,lava,dung nham,용암
溶岩,ようがん,wadah,container,thùng chứa,용기
容器,ようき,ketentuan,term,thuật ngữ,용어
用語,ようご,Abstrak,Abstract,Tóm tắt,요지
要旨,ようし,bayi,infant,trẻ sơ sinh,유아
幼児,ようじ,volume,volume,âm lượng,부피
容積,ようせき,kekanak-kanakan,childish,trẻ con,유치
幼稚,ようち,taman kanak-kanak,kindergarten,mẫu giáo,유치원
幼稚園,ようちえん,Tujuan,Purpose,Mục đích,용도
用途,ようと,Toko pakaian,Clothing store,Cửa hàng quần áo,양품점
洋品店,ようひんてん,nutrisi,nutrients,chất dinh dưỡng,양분
養分,ようぶん,wol,wool,len,양털
羊毛,ようもう,Akhirnya,finally,Cuối cùng,점점
漸く,ようやく,Instruksi,Instructions,Hướng dẫn,요령
要領,ようりょう,Tamak,Greedy,Tham,욕심
欲張り,よくばり,Tidak perlu,Unnecessary,Không cần thiết,불필요
余計,よけい,menyerahkan,hand over,giao lại,요코스
よこす,よこす,Untuk mewarnai,To stain,Để nhuộm,오염
汚す,よごす,Mendekatkan,Bring closer,Đưa lại gần hơn,보내다
寄せる,よせる,Tempat lain,Other places,Những nơi khác,여소
余所,よそ,Persimpangan,Crossroads,Ngã tư,네각
四つ角,よつかど,mabuk,drunk,say rượu,술취한
酔っ払い,よっぱらい,meluangkan,spare,dự phòng,예비
予備,よび,Memanggil,Call out,Gọi ra,부르다
呼び掛ける,よびかける,panggilan,call,gọi ,전화
呼び出す,よびだす,Membangkitkan,Revive,Hồi sinh,소생하다
蘇る,よみがえる,karena,due to,bởi vì ,원인
因る,よる,sukacita,joy,vui sướng,경기
慶び,よろこび,Bersuka cita,Rejoice,Hân hoan,경
慶ぶ,よろこぶ,Datang ke Jepang,Coming to Japan,Đến Nhật Bản,일본
来日,らいにち,Gagal,Failed,Thất bại,낙제
落第,らくだい,Jam sibuk,Rush hour,Giờ cao điểm,러시 아워
ラッシュアワー,ラッシュアワー,kolom,column,cột,칼럼
欄,らん,makan siang,lunch,bữa trưa,점심
ランチ,ランチ,berlari,running,đang chạy,달리기
ランニング,ランニング,brutal,violent,hung bạo,난폭
乱暴,らんぼう,sains,science,khoa học,이과
理科,りか,minat,interest,quan tâm,이해
利害,りがい,irama,rhythm,nhịp điệu,리듬
リズム,リズム,liter,liter,lít,리터
リットル,リットル,pita,ribbon,ruy-băng,리본
リボン,リボン,menyingkat,abbreviate,viết tắt,줄임
略す,りゃくす,baskom,basin,lưu vực,유역
流域,りゅういき,asrama,dormitory,ký túc xá,기숙사
寮,りょう,kedua belah pihak,both sides,cả hai phía,양측
両側,りょうがわ,nelayan,fisherman,ngư dân,어부
漁師,りょうし,konsul,consul,lãnh sự,영사
領事,りょうじ,kuitansi,receipt,biên lai,영수증
領収,りょうしゅう,sementara,temporary,tạm thời,임시
臨時,りんじ,Sendirian di rumah,Home alone,Ở nhà một mình,자동 응답기
留守番,るすばん,pengecualian,exception,ngoại lệ,예외
例外,れいがい,titik nol,zero point,điểm không,영점
零点,れいてん,Beku,Frozen,Đông lạnh,냉동
冷凍,れいとう,jas hujan,raincoat,áo mưa,레인 코트
レインコート,レインコート,Rekreasi,Recreation,Giải trí,레크리에이션
レクリェーショ,レクリェーショ,Hmm,hmm,hừm,N
ン,ン,santai,leisure,thời gian rảnh rỗi,레저
レジャー,レジャー,kepulauan,archipelago,quần đảo,열도
列島,れっとう,tingkat,level,mức độ,레벨
レベル,レベル,Laporan,Report,Báo cáo,리포트
リポート,リポート,bata,brick,gạch,벽돌
煉瓦,れんが,Serikat,Union,Công đoàn,연합
連合,れんごう,lensa,lens,ống kính,렌즈
レンズ,レンズ,lilin,candle,nến,촛불
蝋燭,ろうそく,Romanisasi,Romanization,La Mã hóa,로마지
ローマじ,ローマじ,rekaman,recording,ghi âm,녹음
録音,ろくおん,loker,locker,tủ khóa,사물함
ロッカー,ロッカー,lobi,lobby,sảnh,로비
ロビー,ロビー,untuk berdiskusi,to discuss,để thảo luận,논쟁하다
論ずる,ろんずる,Bahasa Jepang-Inggris,Japanese-English,Tiếng Nhật-Tiếng Anh,화영
和英,わえい,saya mengerti,I understand,Tôi hiểu,알다
分る,わかる,untuk memisahkan,to separate,để tách biệt,분리되는
分かれる,わかれる,muda,youthful,trẻ trung,젊음
若々しい,わかわかしい,bertumbuh,spring up,mọc lên,솟다
湧く,わく,meminta maaf,apologize,xin lỗi,사과하다
詫びる,わびる,Pakaian Jepang,Japanese clothes,Trang phục Nhật Bản,일본옷
和服,わふく,Relatif,Relatively,Tương đối,비교적
わりあいに,わりあいに,divisi,division,phân công,나누기
割算,わりざん,relatif,relatively,tương đối,비교적
割と,わりと,diskon,discount,giảm giá,할인
割引,わりびき,mangkuk,bowl,cái bát,그릇
椀,わん,mangkuk,bowl,cái bát,碗
碗,わん,satu potong,one piece,một miếng,원피스
ワンピース,ワンピース,#VALUE!,#VALUE!,#VALUE!,#VALUE!